wgdPlaceId,wgdId,type,name,fullName,nameType,latitude,longitude,administrationGroup,isHistorical,isCapital
-2778356,-3857615,park,Polynesia,Polynesia,colloquial,-10,-150,S1-000,,
-1309695,-1894587,settlement,Lano,Lano,official,-13.25844,-176.168445,WF-000,,
-1309697,-1894589,hypsographic,Lanumaha,Lanumaha,official,-13.296507,-176.238193,WF-000,,
-1309679,-1894561,hypsographic,"Pointe Halalo","Pointe Halalo",official,-13.35,-176.183333,WF-000,,
-1309758,-1894701,hydrographic,"Singave Bay","Singave Bay",variant,-14.294125,-178.160576,WF-SG,,
-1309665,-1894535,undersea,"Field Bank","Field Bank",variant,-12.283333,-174.8,WF-000,,
-1309645,-1894503,undersea,"Adolph Seamount","Adolph Seamount",official,-11.916667,-178.166667,WF-000,,
-1309727,-1894641,hypsographic,"Île Nukufutu","Ile Nukufutu",variant,-13.184867,-176.204235,WF-000,,
-1309766,16265766,settlement,Te’esi,Te'esi,official,-13.349063,-176.203964,WF-000,,
-1309666,-1894537,hypsographic,"Point Finekova","Point Finekova",variant,-13.366667,-176.133333,WF-000,,
-1309716,-1894623,hypsographic,"Sommet Matsi","Sommet Matsi",official,-14.25,-178.166667,WF-000,,
-1309664,16265678,hypsographic,"Île Fenuafo’ou","Ile Fenuafo'ou",official,-13.388494,-176.214031,WF-000,,
-1309777,17025656,administrative_region,Uvea,Uvea,official,-13.283333,-176.2,WF-UV,,
-1309765,-1894710,hydrographic,"Banca Tabiuni","Banca Tabiuni",variant,-12.1,-174.583333,WF-000,,
-1309683,-1894565,hypsographic,"Mont Hologa","Mont Hologa",official,-13.288886,-176.215054,WF-000,,
-1309650,17025654,administrative_region,Alo,Alo,official,-14.3,-178.1,WF-AL,,
-1309761,-1894522,hypsographic,"Rochers de Champeaux","Rochers de Champeaux",variant,-14.244456,-178.180421,WF-SG,,
-1309763,-1894708,hypsographic,"Southwest Rock","Southwest Rock",variant,-14.316667,-178.15,WF-000,,
-1309701,-1894594,hypsographic,"Pointe Lausikula","Pointe Lausikula",official,-13.31382,-176.246764,WF-000,,
-1309713,16729848,settlement,Mata’Utu,Mata'Utu,variant,-13.2825,-176.173611,WF-UV,,
-1309712,-1894617,hypsographic,"Pointe Matala","Pointe Matala",variant,-13.344995,-176.176256,WF-000,,
-1309736,-1894652,hypsographic,"Île Nukutapu","Ile Nukutapu",variant,-13.363562,-176.224415,WF-000,,
-1309754,-1894688,hydrographic,"Chenal Sain","Chenal Sain",official,-14.333333,-178.05,WF-000,,
-1309720,-1894627,hydrographic,"Baie de Mua","Baie de Mua",official,-13.376929,-176.192755,WF-000,,
-1309712,16265868,hypsographic,"Pointe Matala’a","Pointe Matala'a",official,-13.344995,-176.176256,WF-000,,
-1309692,-1894583,undersea,"Lalla Rookh Bank","Lalla Rookh Bank",variant,-12.916667,-175.666667,WF-000,,
-1309743,-1894601,hypsographic,"Little Peak","Little Peak",variant,-14.25,-178.183333,WF-000,,
-1309686,-1894574,hypsographic,"Îles de Horne","Iles de Horne",variant,-14.306045,-178.082536,WF-000,,
-1309752,-1894684,hypsographic,"Pointe Rouge","Pointe Rouge",variant,-13.349289,-176.183941,WF-000,,
-1309649,-1894509,settlement,Alo,Alo,variant,-14.30918,-178.12256,WF-AL,,
-1309719,-1894626,settlement,Mua,Mua,official,-14.32632,-178.05688,WF-AL,,
-1309783,18916756,settlement,Vele,Vele,official,-14.31187,-178.07739,WF-AL,,
-1309752,16266652,hypsographic,"Pointe Tufumal","Pointe Tufumal",official,-13.349289,-176.183941,WF-000,,
-1309763,-1894709,hypsographic,"Rocher du Sud-Ouest","Rocher du Sud-Ouest",official,-14.316667,-178.15,WF-000,,
-1309690,-1894581,hypsographic,"Mont Kolofau","Mont Kolofau",official,-14.344224,-178.039275,WF-AL,,
-1309787,-1894750,administrative_region,"Territoire des Îles Wallis et Futuna","Territoire des Iles Wallis et Futuna",official,-13.3,-176.2,WF-000,,
-1309706,-1894607,hypsographic,"Mont Lula","Mont Lula",variant,-13.27439,-176.203497,WF-000,,
-1309769,-1894720,hypsographic,"Tepoko Point","Tepoko Point",variant,-13.265347,-176.162399,WF-000,,
-1309737,-1894653,hypsographic,"Île Nukuteatea","Ile Nukuteatea",variant,-13.204464,-176.178546,WF-000,,
-1309734,-1894687,hypsographic,"Sail Rock","Sail Rock",variant,-13.369156,-176.198899,WF-000,,
-1309747,-1894674,hypsographic,"Sommet des Pyramides","Sommet des Pyramides",official,-14.25,-178.15,WF-000,,
-1309760,-1894692,hypsographic,"Sommet de Schouwen","Sommet de Schouwen",variant,-14.27065,-178.139112,WF-000,,
-1309767,-1894717,hypsographic,"Île Tekaviki","Ile Tekaviki",official,-13.275554,-176.15241,WF-000,,
-1309651,-1894511,hypsographic,"Pointe d’Alo","Pointe d'Alo",official,-14.316667,-178.116667,WF-000,,
-1309686,-1894572,hypsographic,"Hoorne Islands","Hoorne Islands",variant,-14.306045,-178.082536,WF-000,,
-1309733,-1894648,hypsographic,"Île Nukuofo","Ile Nukuofo",variant,-13.358113,-176.212556,WF-000,,
-1309660,-1894528,settlement,Fakauita,Fakauita,official,-13.25,-176.183333,WF-000,,
-1309782,-1894741,settlement,Vaitupu,Vaitupu,official,-13.228767,-176.186776,WF-000,,
-1309672,-1894547,hypsographic,"Fungalai Island","Fungalai Island",variant,-13.280772,-176.14624,WF-000,,
-1309770,-1894721,settlement,Tufuone,Tufuone,official,-13.221705,-176.206341,WF-000,,
-1309705,-1894606,hypsographic,"Île Luaniva","Ile Luaniva",official,-13.272216,-176.148025,WF-000,,
-1309670,-1894545,hydrographic,"Foss Reef","Foss Reef",official,-14.416667,-176,WF-000,,
-1309704,-1894504,hypsographic,"Mont Afala","Mont Afala",variant,-13.256693,-176.176934,WF-000,,
-1309662,-1894530,settlement,Falaleu,Falaleu,official,-13.288306,-176.179147,WF-000,,
-1309656,-1894519,undersea,"Bayonnaise Seamount","Bayonnaise Seamount",official,-12.116667,-179.716667,WF-000,,
-1309731,-1894646,hypsographic,"Île Nukulaelae","Ile Nukulaelae",variant,-13.185014,-176.19879,WF-000,,
-1309734,16265750,hypsographic,"Nuku Ta’aki Moa","Nuku Ta'aki Moa",official,-13.369156,-176.198899,WF-000,,
-1309666,-1894538,hypsographic,"Pointe Finékovi","Pointe Finekovi",official,-13.366667,-176.133333,WF-000,,
-1309668,-1894540,hypsographic,"Pointe Fogoné","Pointe Fogone",variant,-13.352121,-176.205001,WF-000,,
-1309702,-1894599,hypsographic,"Rochers Lion","Rochers Lion",variant,-14.29681,-178.15939,WF-SG,,
-1309654,-1894516,hypsographic,"Mont Atalika","Mont Atalika",official,-13.329403,-176.215086,WF-000,,
-1309759,16729820,administrative_region,"Circonscription de Sigave","Circonscription de Sigave",official,-14.266667,-178.166667,WF-SG,,
-1309671,-1894546,hydrographic,"Passe Fugauvea","Passe Fugauvea",variant,-13.253843,-176.257985,WF-000,,
-1309751,-1894682,hydrographic,"Rotumah Shoal","Rotumah Shoal",variant,-13.416667,-179.35,WF-000,,
-1309674,-1894553,settlement,Gahi,Gahi,official,-13.336914,-176.193549,WF-000,,
-1309768,-1894718,settlement,Tepa,Tepa,official,-13.319164,-176.189769,WF-000,,
-1309706,-1894608,hypsographic,"Mont Lulu","Mont Lulu",variant,-13.27439,-176.203497,WF-000,,
-1309735,-1894651,hypsographic,"Île Nukutapu","Ile Nukutapu",variant,-13.218996,-176.168482,WF-000,,
-1309686,-1894573,hypsographic,"Iles de Horn","Iles de Horn",variant,-14.306045,-178.082536,WF-000,,
-1309764,18916726,settlement,Tavai,Tavai,official,-14.24495,-178.16902,WF-SG,,
-1309700,-1894593,hypsographic,"Mont Lausikula","Mont Lausikula",official,-13.316667,-176.216667,WF-000,,
-1309737,16276236,hypsographic,Nukuteatea,Nukuteatea,official,-13.204464,-176.178546,WF-000,,
-1309661,-1894529,hypsographic,"Pointe Falaise","Pointe Falaise",variant,-14.299898,-178.073204,WF-AL,,
-1309761,-1894704,hypsographic,Somalama,Somalama,variant,-14.244456,-178.180421,WF-SG,,
-1309684,-1894569,undersea,"Home Seamount","Home Seamount",official,-12.916667,-175.616667,WF-000,,
-1309741,-1894664,hydrographic,"Pasco Reef","Pasco Reef",official,-13.083333,-174.416667,WF-000,,
-1309713,-1894676,settlement,"Regina Spit","Regina Spit",variant,-13.2825,-176.173611,WF-UV,,
-1309725,-1894636,hypsographic,"Nukuatea Island","Nukuatea Island",variant,-13.373149,-176.215739,WF-000,,
-1309658,-1894526,hypsographic,"Île Faioa","Ile Faioa",official,-13.378158,-176.169879,WF-000,,
-1309664,-1894532,hypsographic,Feletoa,Feletoa,variant,-13.388494,-176.214031,WF-000,,
-1309676,-1894556,settlement,Haafusia,Haafusia,variant,-13.300728,-176.181739,WF-000,,
-1309647,-1894506,settlement,Akaka,Akaka,variant,-13.277577,-176.169718,WF-000,,
-1309738,-1894757,hydrographic,"West Bay","West Bay",variant,-13.243805,-176.244326,WF-000,,
-1309740,16276245,hypsographic,"Pointe Pa’agogo","Pointe Pa'agogo",official,-13.379404,-176.22014,WF-000,,
-1309777,16729822,administrative_region,"Circonscription d’Uvea","Circonscription d'Uvea",official,-13.283333,-176.2,WF-UV,,
-1309669,-1894541,settlement,Foi,Foi,variant,-14.294257,-178.093457,WF-AL,,
-1309694,-1894586,hydrographic,"Lac Lalolalo","Lac Lalolalo",official,-13.300194,-176.233376,WF-000,,
-1309784,-1894743,hypsographic,"Pointe Velé","Pointe Vele",variant,-14.30708,-178.05445,WF-AL,,
-1309661,18916730,hypsographic,"Utu a Gogo","Utu a Gogo",official,-14.299898,-178.073204,WF-AL,,
-1309702,-1894596,hypsographic,"Les Deux Lions","Les Deux Lions",official,-14.29681,-178.15939,WF-SG,,
-1309721,-1894628,hydrographic,"Mouillage de Mua","Mouillage de Mua",official,-13.35,-176.15,WF-000,,
-1309725,-1894689,hypsographic,"Sainte Marie Island","Sainte Marie Island",variant,-13.373149,-176.215739,WF-000,,
-1309693,16266654,hypsographic,"Pointe Lalo Fetau","Pointe Lalo Fetau",official,-13.379599,-176.172236,WF-000,,
-1309672,-1894548,hypsographic,"Îlot Fungalei","Ilot Fungalei",variant,-13.280772,-176.14624,WF-000,,
-1309652,-1894512,hypsographic,Alofa,Alofa,variant,-14.339737,-178.040284,WF-AL,,
-1309687,-1894578,hydrographic,"Isabella Seamount","Isabella Seamount",variant,-12.416667,-177.416667,WF-000,,
-1309671,-1894549,hydrographic,"Fungauvea Pass","Fungauvea Pass",variant,-13.253843,-176.257985,WF-000,,
-1309722,-1894629,hydrographic,"Mouillage de Mua","Mouillage de Mua",official,-14.333333,-178.05,WF-000,,
-1309679,-1894558,hypsographic,"Haalalo Point","Haalalo Point",variant,-13.35,-176.183333,WF-000,,
-1309731,16276235,hypsographic,Nukulaelae,Nukulaelae,variant,-13.185014,-176.19879,WF-000,,
-1309784,18916755,hypsographic,"Pointe Vele","Pointe Vele",official,-14.30708,-178.05445,WF-AL,,
-1309719,-1894514,settlement,Alofitai,Alofitai,variant,-14.32632,-178.05688,WF-AL,,
-1309732,16276233,hypsographic,Nukuloa,Nukuloa,official,-13.189058,-176.195844,WF-000,,
-1309725,14189927,hypsographic,"Île Nukuaera","Ile Nukuaera",variant,-13.373149,-176.215739,WF-000,,
-1309709,16265680,hypsographic,"Pointe Mata’aho","Pointe Mata'aho",official,-13.365174,-176.220746,WF-000,,
-1309718,-1894625,settlement,Mua,Mua,official,-13.35,-176.166667,WF-000,,
-1309764,-1894711,settlement,Tauai,Tauai,variant,-14.24495,-178.16902,WF-SG,,
-1309713,17917052,settlement,Mata-Utu,Mata-Utu,official,-13.2825,-176.173611,WF-UV,,
-1309677,-1894559,settlement,Haatofo,Haatofo,variant,-13.330532,-176.191274,WF-000,,
-1309690,-1894520,hypsographic,"Mont Bougainville","Mont Bougainville",variant,-14.344224,-178.039275,WF-AL,,
-1309757,-1894695,settlement,Sigavé,Sigave,variant,-14.293333,-178.158333,WF-SG,,
-1309744,-1894670,hypsographic,"Pointe Pukega","Pointe Pukega",official,-13.283333,-176.216667,WF-000,,
-1309727,-1894639,hypsographic,"Îlot Nukufotu","Ilot Nukufotu",variant,-13.184867,-176.204235,WF-000,,
-1309696,-1894588,hydrographic,"Lac Lano","Lac Lano",official,-13.29383,-176.240013,WF-000,,
-1309699,-1894591,hydrographic,"Lac Lanutuli","Lac Lanutuli",official,-13.315448,-176.217049,WF-000,,
-1309741,-1894663,hydrographic,"PAsco Bank","PAsco Bank",variant,-13.083333,-174.416667,WF-000,,
-1309692,-1894584,undersea,"Lalla Rookh Seamount","Lalla Rookh Seamount",official,-12.916667,-175.666667,WF-000,,
-1309681,-1894563,hypsographic,"Île Haofa","Ile Haofa",official,-13.366667,-176.166667,WF-000,,
-1309724,-1894633,hypsographic,"North Point","North Point",variant,-14.241499,-178.17686,WF-SG,,
-1309717,-1894624,hydrographic,"Banc de la Meurthe","Banc de la Meurthe",official,-14.35,-177.966667,WF-000,,
-1309685,-1894570,hydrographic,"Passe Honikulu","Passe Honikulu",official,-13.386981,-176.21601,WF-000,,
-1309684,-1894566,undersea,"Banc Home","Banc Home",variant,-12.916667,-175.616667,WF-000,,
-1309755,-1894680,hypsographic,"Rocky Point","Rocky Point",variant,-14.3351,-178.0009,WF-AL,,
-1309765,-1894713,hydrographic,"Taviuni Reef","Taviuni Reef",official,-12.1,-174.583333,WF-000,,
-1309702,-1894726,hypsographic,"The Two Lions","The Two Lions",variant,-14.29681,-178.15939,WF-SG,,
-1309788,-1894756,undersea,"Waterwitch Seamount","Waterwitch Seamount",official,-12.5,-176.75,WF-000,,
-1309773,-1894730,settlement,Utufua,Utufua,official,-13.342346,-176.195707,WF-000,,
-1309727,16276240,hypsographic,Nukufotu,Nukufotu,official,-13.184867,-176.204235,WF-000,,
-1309751,-1894681,hydrographic,"Rotumah Reef","Rotumah Reef",official,-13.416667,-179.35,WF-000,,
-1309686,-1894552,hypsographic,"Futuna Archipelago","Futuna Archipelago",variant,-14.306045,-178.082536,WF-000,,
-1309778,-1894727,hypsographic,"Ile Uea","Ile Uea",variant,-13.290686,-176.204507,WF-000,,
-1309725,16265684,hypsographic,Nukuatea,Nukuatea,official,-13.373149,-176.215739,WF-000,,
-1309760,-1894703,hypsographic,"Sommet Singavi","Sommet Singavi",variant,-14.27065,-178.139112,WF-000,,
-1309677,16265869,settlement,Ha’atofo,Ha'atofo,official,-13.330532,-176.191274,WF-000,,
-1309684,-1894568,undersea,"Homeknoll Island","Homeknoll Island",variant,-12.916667,-175.616667,WF-000,,
-1309734,-1894650,hypsographic,"Rocher Nukutaakimua","Rocher Nukutaakimua",variant,-13.369156,-176.198899,WF-000,,
-1309645,-1894502,undersea,"Adolph Knoll","Adolph Knoll",variant,-11.916667,-178.166667,WF-000,,
-1309758,-1894698,hydrographic,"Sigave Bay","Sigave Bay",variant,-14.294125,-178.160576,WF-SG,,
-1309713,16729827,settlement,Matā’utu,Mata'utu,variant,-13.2825,-176.173611,WF-UV,,
-1309720,-1894508,hydrographic,"Baie de l’Allier","Baie de l'Allier",variant,-13.376929,-176.192755,WF-000,,
-1309743,-1894667,hypsographic,"Petit Piton","Petit Piton",official,-14.25,-178.183333,WF-000,,
-1309726,16265765,hypsographic,Nukufetau,Nukufetau,official,-13.357861,-176.193246,WF-000,,
-1309715,-1894622,hydrographic,"Mouillage de Matâ’utu","Mouillage de Mata'utu",official,-13.3,-176.116667,WF-000,,
-1309657,-1894524,undersea,"Combe Seamount","Combe Seamount",official,-12.533333,-177.583333,WF-000,,
-1309726,-1894642,hypsographic,"Nuku Futu Island","Nuku Futu Island",variant,-13.357861,-176.193246,WF-000,,
-1309733,16265757,hypsographic,Nukuafo,Nukuafo,official,-13.358113,-176.212556,WF-000,,
-1309678,-1894560,settlement,Halalo,Halalo,official,-13.345398,-176.214642,WF-000,,
-1309687,-1894577,hydrographic,"Isabella Reef","Isabella Reef",official,-12.416667,-177.416667,WF-000,,
-1309645,-1894501,undersea,"Banc Adolph","Banc Adolph",variant,-11.916667,-178.166667,WF-000,,
-1309755,-1894745,hypsographic,"Pointe de Volta","Pointe de Volta",variant,-14.3351,-178.0009,WF-AL,,
-1309707,-1894611,hypsographic,"Mont Lulu Luo","Mont Lulu Luo",official,-13.26735,-176.188827,WF-000,,
-1309769,-1894719,hypsographic,"Pointe Tepako","Pointe Tepako",official,-13.265347,-176.162399,WF-000,,
-1309759,-1894699,administrative_region,Singave,Singave,variant,-14.266667,-178.166667,WF-SG,,
-1309680,-1894562,settlement,Halamaitai,Halamaitai,official,-13.287015,-176.181489,WF-000,,
-1309757,-1894595,settlement,Leava,Leava,official,-14.293333,-178.158333,WF-SG,,
-1309749,-1894678,undersea,"Robbie Ridge","Robbie Ridge",official,-10.25,-175,WF-000,,
-1309664,-1894534,hypsographic,"Île Fenua Fu","Ile Fenua Fu",variant,-13.388494,-176.214031,WF-000,,
-1309669,18916338,settlement,Poi,Poi,official,-14.294257,-178.093457,WF-AL,,
-1309786,-1894747,hypsographic,"Wallis Islands","Wallis Islands",colloquial,-13.3,-176.166667,WF-000,,
-1309653,-1894515,hydrographic,"Lac Alofivai","Lac Alofivai",official,-13.258284,-176.170513,WF-000,,
-1309744,-1894671,hypsographic,"Pukenga Point","Pukenga Point",variant,-13.283333,-176.216667,WF-000,,
-1309787,12132499,administrative_region,"Îles Wallis et Futuna","Iles Wallis et Futuna",variant,-13.3,-176.2,WF-000,,
-1309757,-1894700,settlement,Singave,Singave,variant,-14.293333,-178.158333,WF-SG,,
-1309746,18916732,hypsographic,"Utu Magalua","Utu Magalua",official,-14.264805,-178.125234,WF-AL,,
-1309686,-1894571,hypsographic,"Iles de Hoorn","Iles de Hoorn",variant,-14.306045,-178.082536,WF-000,,
-1309726,-1894637,hypsographic,Nukufetao,Nukufetao,variant,-13.357861,-176.193246,WF-000,,
-1309783,-1894742,settlement,Velé,Vele,variant,-14.31187,-178.07739,WF-AL,,
-1309723,16266653,hypsographic,"Pointe Tekena","Pointe Tekena",official,-13.349936,-176.215142,WF-000,,
-1309690,-1894521,hypsographic,"Sommet Bougainville","Sommet Bougainville",variant,-14.344224,-178.039275,WF-AL,,
-1309787,-1894749,administrative_region,"Territory of the Wallis and Futuna Islands","Territory of the Wallis and Futuna Islands",colloquial,-13.3,-176.2,WF-000,,
-1309682,-1894564,hypsographic,"Mont Holo","Mont Holo",official,-13.283721,-176.199694,WF-000,,
-1309703,-1894598,settlement,Liku,Liku,official,-13.266145,-176.16933,WF-000,,
-1309750,-1894679,hypsographic,"Pointe Rocheuse","Pointe Rocheuse",variant,-14.24637,-178.1553,WF-000,,
-1309657,-1894523,undersea,"Combe Bank","Combe Bank",variant,-12.533333,-177.583333,WF-000,,
-1309736,16265686,hypsographic,Nukutapu,Nukutapu,official,-13.363562,-176.224415,WF-000,,
-1309731,16457822,hypsographic,Nukula’ela’e,Nukula'ela'e,official,-13.185014,-176.19879,WF-000,,
-1309746,18916731,hypsographic,"Pointe des Pyramides","Pointe des Pyramides",variant,-14.264805,-178.125234,WF-AL,,
-1309684,-1894567,undersea,"Home Knoll","Home Knoll",variant,-12.916667,-175.616667,WF-000,,
-1309758,-1894696,hydrographic,"Anse de Sigavé","Anse de Sigave",variant,-14.294125,-178.160576,WF-SG,,
-1309665,-1894536,undersea,"Field Seamount","Field Seamount",official,-12.283333,-174.8,WF-000,,
-1309751,-1894683,hydrographic,"Rotuma Shoal","Rotuma Shoal",variant,-13.416667,-179.35,WF-000,,
-1309686,18916336,hypsographic,"Îles de Hoorn","Iles de Hoorn",official,-14.306045,-178.082536,WF-000,,
-1309724,-1894632,hypsographic,"Pointe Nord","Pointe Nord",variant,-14.241499,-178.17686,WF-SG,,
-1309670,-1894544,hydrographic,"Foss Bank","Foss Bank",variant,-14.416667,-176,WF-000,,
-1309765,-1894712,hydrographic,"Taviuni Bank","Taviuni Bank",variant,-12.1,-174.583333,WF-000,,
-1309759,-1894697,administrative_region,"Circonscription de Sigavé","Circonscription de Sigave",variant,-14.266667,-178.166667,WF-SG,,
-1309729,16265604,hypsographic,Nukuhifala,Nukuhifala,official,-13.288623,-176.126458,WF-000,,
-1309664,-1894525,hypsographic,"Entrance Island","Entrance Island",variant,-13.388494,-176.214031,WF-000,,
-1309781,16276228,settlement,Vaimalau,Vaimalau,official,-13.31322,-176.241675,WF-000,,
-1309781,-1894740,settlement,Vaimatau,Vaimatau,variant,-13.31322,-176.241675,WF-000,,
-1309659,-1894542,hydrographic,"Passe Foioa","Passe Foioa",variant,-13.366745,-176.178797,WF-000,,
-1309753,-1894685,hypsographic,"Pointe de Sable","Pointe de Sable",official,-14.316667,-178.05,WF-000,,
-1309761,-1894705,hypsographic,"Rochers Somaloma","Rochers Somaloma",variant,-14.244456,-178.180421,WF-SG,,
-1309780,-1894738,hypsographic,"Pointe Vailala","Pointe Vailala",official,-13.216667,-176.166667,WF-000,,
-1309735,16276241,hypsographic,Nukutapu,Nukutapu,official,-13.218996,-176.168482,WF-000,,
-1309656,-1894518,undersea,"Bayonnaise Bank","Bayonnaise Bank",variant,-12.116667,-179.716667,WF-000,,
-1309775,-1894732,settlement,Utuloa,Utuloa,official,-13.266667,-176.183333,WF-000,,
-1309652,-1894513,hypsographic,"Île Alofi","Ile Alofi",official,-14.339737,-178.040284,WF-AL,,
-1309687,-1894576,hydrographic,"Isabella Bank","Isabella Bank",variant,-12.416667,-177.416667,WF-000,,
-1309718,-1894605,settlement,"Loto Mua","Loto Mua",variant,-13.35,-176.166667,WF-000,,
-1309750,18916733,hypsographic,"Pointe Matapu","Pointe Matapu",official,-14.24637,-178.1553,WF-000,,
-1309673,-1894550,hypsographic,"Île Futuna","Ile Futuna",official,-14.282212,-178.139474,WF-000,,
-1309647,16265871,settlement,Aka’aka,Aka'aka,official,-13.277577,-176.169718,WF-000,,
-1309759,17025657,administrative_region,Sigave,Sigave,official,-14.266667,-178.166667,WF-SG,,
-1309788,-1894755,undersea,"Waterwitch Bank","Waterwitch Bank",variant,-12.5,-176.75,WF-000,,
-1309729,-1894643,hypsographic,"Île Nukuhifala","Ile Nukuhifala",variant,-13.288623,-176.126458,WF-000,,
-1309774,-1894731,hypsographic,"Pointe Utuhamia","Pointe Utuhamia",official,-13.331629,-176.185393,WF-000,,
-1309672,16265601,hypsographic,"Île Fugalei","Ile Fugalei",official,-13.280772,-176.14624,WF-000,,
-1309708,-1894614,hypsographic,"Mamelon Vert","Mamelon Vert",official,-14.35,-177.983333,WF-000,,
-1309786,-1894728,hypsographic,"Iles Uea","Iles Uea",variant,-13.3,-176.166667,WF-000,,
-1309726,-1894638,hypsographic,"Îlot Nuku Fetau","Ilot Nuku Fetau",variant,-13.357861,-176.193246,WF-000,,
-1309689,-1894580,settlement,Kolia,Kolia,official,-14.307534,-178.096468,WF-AL,,
-1309698,-1894590,hydrographic,"Lac Lanutavake","Lac Lanutavake",official,-13.321163,-176.213633,WF-000,,
-1309761,18919369,hypsographic,"Rochers Somalama","Rochers Somalama",official,-14.244456,-178.180421,WF-SG,,
-1309686,-1894551,hypsographic,"Iles Futuna","Iles Futuna",variant,-14.306045,-178.082536,WF-000,,
-1309748,-1894677,hydrographic,"Robbie Bank","Robbie Bank",official,-11.05,-176.883333,WF-000,,
-1309725,-1894645,hypsographic,Nukuitea,Nukuitea,variant,-13.373149,-176.215739,WF-000,,
-1309756,-1894686,undersea,"Banc Safiafi","Banc Safiafi",variant,-12.25,-175.5,WF-000,,
-1309688,-1894579,hydrographic,"Lac Kikila","Lac Kikila",official,-13.296895,-176.189586,WF-000,,
-1309727,14189939,hypsographic,"Île Nukuloa","Ile Nukuloa",variant,-13.184867,-176.204235,WF-000,,
-1309761,-1894706,hypsographic,"Rochers Somaruma","Rochers Somaruma",variant,-14.244456,-178.180421,WF-SG,,
-1309786,-1894746,hypsographic,"Îles Wallis","Iles Wallis",official,-13.3,-176.166667,WF-000,,
-1309663,-1894531,hydrographic,"Passe Fatumanini","Passe Fatumanini",official,-13.22949,-176.24921,WF-000,,
-1309708,-1894613,hypsographic,"Mamalon Vert","Mamalon Vert",variant,-14.35,-177.983333,WF-000,,
-1309756,-1894693,undersea,"Siafiafi Bank","Siafiafi Bank",variant,-12.25,-175.5,WF-000,,
-1309724,18916754,hypsographic,"Pointe Fatua","Pointe Fatua",official,-14.241499,-178.17686,WF-SG,,
-1309730,-1894644,hypsographic,"Île Nukuhione","Ile Nukuhione",variant,-13.273459,-176.130544,WF-000,,
-1309659,-1894527,hydrographic,"Passe Faioa","Passe Faioa",official,-13.366745,-176.178797,WF-000,,
-1309734,-1894649,hypsographic,"Îlot Nukutaakimua","Ilot Nukutaakimua",variant,-13.369156,-176.198899,WF-000,,
-1309785,-1894744,hypsographic,"Pointe Verte","Pointe Verte",official,-14.333333,-178.016667,WF-000,,
-1309758,18916335,hydrographic,"Anse de Sigave","Anse de Sigave",official,-14.294125,-178.160576,WF-SG,,
-1309744,-1894668,hypsographic,"Pugega Point","Pugega Point",variant,-13.283333,-176.216667,WF-000,,
-1309671,16266659,hydrographic,"Passe Fuga’uvea","Passe Fuga'uvea",official,-13.253843,-176.257985,WF-000,,
-1309780,-1894739,hypsographic,Vailola,Vailola,variant,-13.216667,-176.166667,WF-000,,
-1309778,-1894753,hypsographic,"Wallis Island","Wallis Island",variant,-13.290686,-176.204507,WF-000,,
-1309678,-1894557,settlement,Ha’alalo,Ha'alalo,variant,-13.345398,-176.214642,WF-000,,
-1309760,-1894669,hypsographic,"Mount Puke","Mount Puke",variant,-14.27065,-178.139112,WF-000,,
-1309699,-1894592,hydrographic,"Lac Lauituli","Lac Lauituli",variant,-13.315448,-176.217049,WF-000,,
-1309740,-1894661,hypsographic,"Pointe Pagaga","Pointe Pagaga",variant,-13.379404,-176.22014,WF-000,,
-1309741,-1894665,hydrographic,"Pasco Seamount","Pasco Seamount",variant,-13.083333,-174.416667,WF-000,,
-1309766,-1894716,settlement,Téessé,Teesse,variant,-13.349063,-176.203964,WF-000,,
-1309725,-1894634,hypsographic,"Île Nukuaéta","Ile Nukuaeta",variant,-13.373149,-176.215739,WF-000,,
-1309728,16276239,hypsographic,Nukufufulanoa,Nukufufulanoa,official,-13.19673,-176.189314,WF-000,,
-1309706,-1894609,hypsographic,"Mont Lulu Fakahega","Mont Lulu Fakahega",official,-13.27439,-176.203497,WF-000,,
-1309779,-1894737,settlement,Vailala,Vailala,official,-13.219906,-176.201545,WF-000,,
-1309649,-1894612,settlement,Malae,Malae,variant,-14.30918,-178.12256,WF-AL,,
-1309710,-1894616,hypsographic,"Pointe Matakaviki","Pointe Matakaviki",official,-13.388567,-176.171344,WF-000,,
-1309702,-1894597,hypsographic,"Les Lions","Les Lions",variant,-14.29681,-178.15939,WF-SG,,
-1309746,-1894673,hypsographic,"Pointe Pyramides","Pointe Pyramides",variant,-14.264805,-178.125234,WF-AL,,
-1309667,-1894539,settlement,Fineveke,Fineveke,official,-13.325011,-176.221928,WF-000,,
-1309702,-1894600,hypsographic,"The Lions","The Lions",variant,-14.29681,-178.15939,WF-SG,,
-1309760,-1894702,hypsographic,"Mont Singavi","Mont Singavi",variant,-14.27065,-178.139112,WF-000,,
-1309742,-1894666,hypsographic,"Morne du Pavillon","Morne du Pavillon",official,-14.283333,-178.166667,WF-000,,
-1309787,12132500,administrative_region,"Wallis et Futuna","Wallis et Futuna",official,-13.3,-176.2,WF-000,,
-1309752,-1894675,hypsographic,"Red Point","Red Point",variant,-13.349289,-176.183941,WF-000,,
-1309772,-1894729,hypsographic,"Île Uluiutu","Ile Uluiutu",variant,-13.200097,-176.183906,WF-000,,
-1309704,-1894603,hypsographic,"Loka Hill","Loka Hill",variant,-13.256693,-176.176934,WF-000,,
-1309732,-1894647,hypsographic,"Île Nukuloa","Ile Nukuloa",variant,-13.189058,-176.195844,WF-000,,
-1309723,-1894630,hypsographic,"Pointe Mua","Pointe Mua",variant,-13.349936,-176.215142,WF-000,,
-1309709,-1894615,hypsographic,"Pointe Mataaho","Pointe Mataaho",variant,-13.365174,-176.220746,WF-000,,
-1309713,-1894620,settlement,Matâ’utu,Mata'utu,variant,-13.2825,-176.173611,WF-UV,,
-1309777,-1894735,administrative_region,"Circonscription d’Uvéa","Circonscription d'Uvea",variant,-13.283333,-176.2,WF-UV,,
-1309745,-1894672,hypsographic,"Pointe Puko","Pointe Puko",official,-13.37129,-176.220396,WF-000,,
-1309728,-1894640,hypsographic,"Île Nukufufulanoa","Ile Nukufufulanoa",variant,-13.19673,-176.189314,WF-000,,
-1309706,-1894610,hypsographic,"Lulu Hill","Lulu Hill",variant,-13.27439,-176.203497,WF-000,,
-1309693,-1894585,hypsographic,"Pointe Lalofétau","Pointe Lalofetau",variant,-13.379599,-176.172236,WF-000,,
-1309648,-1894507,settlement,Alele,Alele,official,-13.239392,-176.181469,WF-000,,
-1309756,-1894694,undersea,"Siafiafi Seamount","Siafiafi Seamount",official,-12.25,-175.5,WF-000,,
-1309704,-1894602,hypsographic,"Mont Loka","Mont Loka",official,-13.256693,-176.176934,WF-000,,
-1309714,-1894621,hydrographic,"Baie de Matâ’utu","Baie de Mata'utu",variant,-13.296743,-176.159456,WF-000,,
-1309691,-1894582,settlement,Kolopopo,Kolopopo,official,-13.350517,-176.207676,WF-000,,
-1309650,-1894510,administrative_region,"Circonscription d’Alo","Circonscription d'Alo",official,-14.3,-178.1,WF-AL,,
-1309738,-1894654,hydrographic,"Baie de l’Ouest","Baie de l'Ouest",official,-13.243805,-176.244326,WF-000,,
-1309765,-1894714,hydrographic,"Taviuni Seamount","Taviuni Seamount",variant,-12.1,-174.583333,WF-000,,
-1309646,-1894505,settlement,Ahoa,Ahoa,official,-13.287447,-176.238034,WF-000,,
-1309722,-1894631,hydrographic,"Mua Anchorage","Mua Anchorage",variant,-14.333333,-178.05,WF-000,,
-1309778,-1894736,hypsographic,"Île Uvea","Ile Uvea",official,-13.290686,-176.204507,WF-000,,
-1309734,-1894635,hypsographic,"Nuku Akimoa","Nuku Akimoa",variant,-13.369156,-176.198899,WF-000,,
-1309787,12132498,administrative_region,"Wallis and Futuna","Wallis and Futuna",colloquial,-13.3,-176.2,WF-000,,
-1309676,16265870,settlement,Ha’afuasia,Ha'afuasia,official,-13.300728,-176.181739,WF-000,,
-1309730,16265673,hypsographic,Nukuhione,Nukuhione,official,-13.273459,-176.130544,WF-000,,
-1309785,-1894555,hypsographic,"Green Point","Green Point",variant,-14.333333,-178.016667,WF-000,,
-1309766,-1894715,settlement,Teesi,Teesi,variant,-13.349063,-176.203964,WF-000,,
-1309672,-1894543,hypsographic,"Îlot Fongalei","Ilot Fongalei",variant,-13.280772,-176.14624,WF-000,,
-1309664,-1894533,hypsographic,"Île Fénua Foou","Ile Fenua Foou",variant,-13.388494,-176.214031,WF-000,,
-1309704,-1894604,hypsographic,"Mount Loko","Mount Loko",variant,-13.256693,-176.176934,WF-000,,
-1309778,-1894655,hypsographic,Ouvéa,Ouvea,variant,-13.290686,-176.204507,WF-000,,
-1309675,-1894554,settlement,Gamua,Gamua,official,-13.248688,-176.178035,WF-000,,
-1309760,18916337,hypsographic,"Mont Puke","Mont Puke",official,-14.27065,-178.139112,WF-000,,
-1309786,-1894751,hypsographic,"Wallis Archipelago","Wallis Archipelago",variant,-13.3,-176.166667,WF-000,,
-1309668,16265767,hypsographic,"Pointe Fogo’one","Pointe Fogo'one",official,-13.352121,-176.205001,WF-000,,
-1309714,16281337,hydrographic,"Baie de Matā’utu","Baie de Mata'utu",official,-13.296743,-176.159456,WF-000,,
-1309772,16276238,hypsographic,"Îlot Ulu’iutu","Ilot Ulu'iutu",official,-13.200097,-176.183906,WF-000,,
-1309786,-1894734,hypsographic,Uvea,Uvea,variant,-13.3,-176.166667,WF-000,,
-1309744,-1894662,hypsographic,"Pointe Pakega","Pointe Pakega",variant,-13.283333,-176.216667,WF-000,,
-1309760,-1894691,hypsographic,"Mount Schouten","Mount Schouten",variant,-14.27065,-178.139112,WF-000,,
-1309712,-1894619,hypsographic,"Pointe Matalaa","Pointe Matalaa",variant,-13.344995,-176.176256,WF-000,,
-1309711,-1894618,hydrographic,"Mouillage de Matalaa","Mouillage de Matalaa",official,-13.333333,-176.133333,WF-000,,
-1309776,-1894733,hypsographic,"Pointe Utuloko","Pointe Utuloko",official,-13.306759,-176.18137,WF-000,,
-1309655,-1894517,hydrographic,"Passe Avatolu","Passe Avatolu",official,-13.310877,-176.273807,WF-000,,
-1309755,-1894690,hypsographic,"Pointe Sauma","Pointe Sauma",official,-14.3351,-178.0009,WF-AL,,
-1309649,18916757,settlement,Mala’e,Mala'e,official,-14.30918,-178.12256,WF-AL,,
11771679,14258343,settlement,Alofitai,Alofitai,official,-14.33014,-178.06242,WF-AL,,
12866248,16458389,spot,"Eglise Sagato Petelo mo Paulo","Eglise Sagato Petelo mo Paulo",variant,-13.230281,-176.185439,WF-000,,
12866254,16458392,spot,"Chapelle Mafu Tapu","Chapelle Mafu Tapu",variant,-13.238087,-176.180585,WF-000,,
12866682,16265592,spot,"Couvent de Sofala","Couvent de Sofala",official,-13.257064,-176.167969,WF-000,,
12866683,16265594,spot,"Chapelle Sainte-Thérèse","Chapelle Sainte-Therese",official,-13.269671,-176.164392,WF-000,,
12866678,16265507,settlement,Mala’e,Mala'e,official,-13.24435,-176.193459,WF-000,,
12866237,16265089,hypsographic,"Pointe Vaha’a’utu","Pointe Vaha'a'utu",official,-13.289489,-176.250138,WF-000,,
12866249,16265488,spot,"Oratoire Saint-Pierre Chanel","Oratoire Saint-Pierre Chanel",official,-13.227263,-176.186118,WF-000,,
12866216,16265007,hypsographic,"Pointe Pātoga","Pointe Patoga",variant,-13.315574,-176.239039,WF-000,,
12866248,16265106,spot,"Église Saint-Pierre et Paul","Eglise Saint-Pierre et Paul",official,-13.230281,-176.185439,WF-000,,
12866677,16265505,spot,"Aéroport de Wallis-Hihifo","Aeroport de Wallis-Hihifo",short,-13.23793,-176.199656,WF-000,,
12866241,16265094,hypsographic,"Pointe Utu’uhu","Pointe Utu'uhu",official,-13.222997,-176.212427,WF-000,,
12866240,16265093,hypsographic,"Pointe Vaikafika","Pointe Vaikafika",official,-13.230487,-176.217677,WF-000,,
12866238,16460964,spot,"Chapelle Saint-Pierre Chanel","Chapelle Saint-Pierre Chanel",official,-13.284594,-176.236043,WF-000,,
12866249,16458388,spot,"Oratoire Sagato Petelo Sanele","Oratoire Sagato Petelo Sanele",variant,-13.227263,-176.186118,WF-000,,
12866247,16265102,hypsographic,"Pointe Temasi","Pointe Temasi",official,-13.222374,-176.193216,WF-000,,
12866246,16265100,hypsographic,"Pointe Tuimalohi","Pointe Tuimalohi",official,-13.224621,-176.188015,WF-000,,
12866239,16265091,hypsographic,"Pointe Atalao","Pointe Atalao",official,-13.252428,-176.225699,WF-000,,
12866254,16265493,spot,"Chapelle du Sacré-Cœur","Chapelle du Sacre-Coeur",official,-13.238087,-176.180585,WF-000,,
12866215,16265004,hypsographic,"Pointe Papaloa","Pointe Papaloa",official,-13.314517,-176.244801,WF-000,,
12866245,16265098,settlement,Fakapepe,Fakapepe,official,-13.22669,-176.212181,WF-000,,
12866680,16265590,hypsographic,"Pointe Utua","Pointe Utua",official,-13.247144,-176.177299,WF-000,,
12866216,16461163,hypsographic,"Pointe Patogaa","Pointe Patogaa",official,-13.315574,-176.239039,WF-000,,
12866685,16265596,hypsographic,"Mont Afala","Mont Afala",official,-13.262178,-176.180421,WF-000,,
12866238,16265090,spot,"Chapelle du Sacré-Cœur","Chapelle du Sacre-Coeur",variant,-13.284594,-176.236043,WF-000,,
12874906,16462987,spot,"Oratoire Sagato Visesio Paulo","Oratoire Sagato Visesio Paulo",variant,-13.33744,-176.187404,WF-000,,
12875935,16278261,hydrographic,"Vaiapuaka Source","Vaiapuaka Source",official,-13.370422,-176.171783,WF-000,,
12875953,16278320,park,Kau’utu,Kau'utu,official,-13.284712,-176.209432,WF-000,,
12875931,16278257,hypsographic,"Pointe Tapa’ua","Pointe Tapa'ua",official,-13.323007,-176.18645,WF-000,,
12875951,16278318,park,Falemei,Falemei,official,-13.284916,-176.226496,WF-000,,
12873982,16456469,spot,"Oratoire Sagata Telesia","Oratoire Sagata Telesia",variant,-13.379816,-176.211137,WF-000,,
12875918,16278244,spot,"Chapelle Sainte-Jeanne d’Arc","Chapelle Sainte-Jeanne d'Arc",official,-13.347706,-176.2157,WF-000,,
12875939,16278265,hydrographic,"Niuasu’i Source","Niuasu'i Source",official,-13.245381,-176.178962,WF-000,,
12875950,16278317,park,Fatai,Fatai,official,-13.279773,-176.224554,WF-000,,
12873982,16276243,spot,"Oratoire Sainte-Thérèse","Oratoire Sainte-Therese",official,-13.379816,-176.211137,WF-000,,
12875922,16278248,spot,"Chapelle Saint-Pierre Chanel","Chapelle Saint-Pierre Chanel",official,-13.295407,-176.18283,WF-000,,
12875933,16278259,hypsographic,"Pointe Houma","Pointe Houma",official,-13.338602,-176.179719,WF-000,,
12873984,16276246,hypsographic,"Pointe Pouvalu","Pointe Pouvalu",official,-13.371105,-176.21409,WF-000,,
12875997,16278387,park,’Alalae,'Alalae,official,-13.326288,-176.219203,WF-000,,
12875948,16278315,park,Vailepo,Vailepo,official,-13.271404,-176.219227,WF-000,,
12875954,16278321,park,Vaonoa,Vaonoa,official,-13.286623,-176.218728,WF-000,,
12874332,16276495,hypsographic,"Pointe Faka’afu","Pointe Faka'afu",official,-13.369219,-176.174161,WF-000,,
12874905,16277157,spot,"Chapelle Saint-Jean-Baptiste","Chapelle Saint-Jean-Baptiste",official,-13.328202,-176.190059,WF-000,,
12874906,16277219,spot,"Oratoire Saint-Vincent de Paul","Oratoire Saint-Vincent de Paul",official,-13.33744,-176.187404,WF-000,,
12874749,16276875,spot,"Chapelle du Sacré-Cœur","Chapelle du Sacre-Coeur",official,-13.368038,-176.170526,WF-000,,
12875927,16278253,hypsographic,"Pointe Makamaka","Pointe Makamaka",official,-13.351286,-176.208459,WF-000,,
12875920,16278246,spot,"Oratoire Sainte-Bernadette","Oratoire Sainte-Bernadette",official,-13.314209,-176.24415,WF-000,,
12875944,16278310,hydrographic,"Tuavaihiki Source","Tuavaihiki Source",official,-13.348047,-176.202541,WF-000,,
12875946,16278312,spot,"Chapelle Saint-Jean-Baptiste","Chapelle Saint-Jean-Baptiste",official,-13.288561,-176.128393,WF-000,,
12875937,16278263,hydrographic,"Vaisima Source","Vaisima Source",official,-13.339113,-176.187435,WF-000,,
12875923,16461160,spot,"Chapelle Sagato Mikaele","Chapelle Sagato Mikaele",variant,-13.300603,-176.186878,WF-000,,
12875941,16278267,hydrographic,"Vaitufu Source","Vaitufu Source",official,-13.259483,-176.225693,WF-000,,
12875942,16278308,hydrographic,"Vailoa Source","Vailoa Source",official,-13.283896,-176.231056,WF-000,,
12875938,16278264,hydrographic,"Vaihohoni Source","Vaihohoni Source",official,-13.329449,-176.190863,WF-000,,
12874907,16463774,spot,"Oratoire Saint-Jean-Marie Viane","Oratoire Saint-Jean-Marie Viane",official,-13.343127,-176.195952,WF-000,,
12875092,16463772,spot,"Chapelle Saint-Antoine de Padoue","Chapelle Saint-Antoine de Padoue",official,-13.350902,-176.204255,WF-000,,
12875048,16277275,spot,"Oratoire Saint-Jean","Oratoire Saint-Jean",official,-13.34057,-176.208933,WF-000,,
12874186,16276355,spot,"Oratoire Saint-Christophe","Oratoire Saint-Christophe",official,-13.363481,-176.224436,WF-000,,
12874907,16277220,spot,"Oratoire Saint-Jean-Marie Vianney","Oratoire Saint-Jean-Marie Vianney",variant,-13.343127,-176.195952,WF-000,,
12875940,16278266,hydrographic,"Lalototo Source","Lalototo Source",official,-13.251496,-176.224312,WF-000,,
12873981,16276242,hypsographic,"Pointe Ha’ofa","Pointe Ha'ofa",official,-13.379816,-176.210898,WF-000,,
12875376,16463769,spot,"Chapelle Sagato Falakiko Asisi","Chapelle Sagato Falakiko Asisi",variant,-13.351468,-176.20475,WF-000,,
12874186,16457821,spot,"Oratoire Sagato Kilisitofo","Oratoire Sagato Kilisitofo",variant,-13.363481,-176.224436,WF-000,,
12875929,16278255,hypsographic,"Pointe Matavili","Pointe Matavili",official,-13.23442,-176.220666,WF-000,,
12875945,16278311,hydrographic,"Vilamalia Puits","Vilamalia Puits",official,-13.204527,-176.178957,WF-000,,
12873983,16276244,hypsographic,Nukumotu,Nukumotu,official,-13.375545,-176.210256,WF-000,,
12875925,16462982,spot,"Eglise Mafu Tapu","Eglise Mafu Tapu",variant,-13.319467,-176.19025,WF-000,,
12875917,16277840,spot,"Église Saint-Joseph","Eglise Saint-Joseph",official,-13.345479,-176.203244,WF-000,,
12875956,16278323,park,Vasivasi,Vasivasi,official,-13.294623,-176.247953,WF-000,,
12875949,16278316,park,Fuvalu,Fuvalu,official,-13.263563,-176.218986,WF-000,,
12875936,16278262,hydrographic,"Matavai Source","Matavai Source",official,-13.33483,-176.187688,WF-000,,
12873978,16276230,spot,"Stade de Mata’utu","Stade de Mata'utu",official,-13.27749,-176.174539,WF-000,,
12873985,16276247,hydrographic,"Canal du Nord-Ouest","Canal du Nord-Ouest",official,-13.381753,-176.221621,WF-000,,
12875924,16278250,spot,"Oratoire Saint-Ludovic","Oratoire Saint-Ludovic",official,-13.312784,-176.187087,WF-000,,
12875928,16278254,hypsographic,"Pointe Utuloa","Pointe Utuloa",official,-13.26051,-176.226472,WF-000,,
12875376,16277459,spot,"Oratoire Saint-François d’Assise","Oratoire Saint-Francois d'Assise",official,-13.351468,-176.20475,WF-000,,
12873980,16276232,hypsographic,"Mont Ololiki","Mont Ololiki",official,-13.263413,-176.205958,WF-000,,
12875934,16278260,hypsographic,"Pointe Pukokena","Pointe Pukokena",official,-13.341475,-176.175444,WF-000,,
12875926,16278252,spot,"Chapelle de la Vierge","Chapelle de la Vierge",official,-13.324547,-176.18786,WF-000,,
12875923,16278249,spot,"Chapelle Saint-Michel","Chapelle Saint-Michel",official,-13.300603,-176.186878,WF-000,,
12875092,16277374,spot,"Oratoire Saint-Antoine de Padoue","Oratoire Saint-Antoine de Padoue",variant,-13.350902,-176.204255,WF-000,,
12875092,16463773,spot,"Chapelle Sagato Atonio Patua","Chapelle Sagato Atonio Patua",variant,-13.350902,-176.204255,WF-000,,
12875922,16461159,spot,"Chapelle Sagato Petelo Sanele","Chapelle Sagato Petelo Sanele",variant,-13.295407,-176.18283,WF-000,,
12875979,16278326,park,Kolotogo,Kolotogo,official,-13.290708,-176.232469,WF-000,,
12873977,16276229,spot,"Stade Lomipeau","Stade Lomipeau",official,-13.275022,-176.172715,WF-000,,
12875952,16278319,park,Puko,Puko,official,-13.28776,-176.221898,WF-000,,
12875921,16278247,spot,"Chapelle Saint-Jean-Baptiste","Chapelle Saint-Jean-Baptiste",official,-13.219277,-176.199008,WF-000,,
12875955,16278322,park,Teu’ui,Teu'ui,official,-13.287947,-176.243832,WF-000,,
12875978,16278325,park,Kanahe,Kanahe,official,-13.285347,-176.233594,WF-000,,
12875921,16457827,spot,"Chapelle Sagato Soane Patita","Chapelle Sagato Soane Patita",variant,-13.219277,-176.199008,WF-000,,
12875943,16278309,hydrographic,"Utulei Source","Utulei Source",official,-13.343297,-176.219553,WF-000,,
12873979,16276231,spot,"Hôpital de Sia","Hopital de Sia",official,-13.27888,-176.172069,WF-000,,
12875925,16278251,spot,"Église du Sacré-Cœur","Eglise du Sacre-Coeur",official,-13.319467,-176.19025,WF-000,,
12874934,16463770,spot,"Oratoire Sagata Ana","Oratoire Sagata Ana",variant,-13.346871,-176.202309,WF-000,,
12875977,16278324,park,Tepuna,Tepuna,official,-13.298678,-176.245487,WF-000,,
12875932,16278258,hypsographic,"Pointe Takigana","Pointe Takigana",official,-13.329319,-176.188683,WF-000,,
12874934,16277221,spot,"Oratoire Sainte-Anne","Oratoire Sainte-Anne",official,-13.346871,-176.202309,WF-000,,
12875947,16278314,park,Kaha,Kaha,official,-13.277208,-176.218802,WF-000,,
12874020,16276309,hypsographic,"Mont Kolofou","Mont Kolofou",official,-13.375187,-176.21485,WF-000,,
12875919,16278245,spot,"Chapelle du Sinai","Chapelle du Sinai",official,-13.319587,-176.222419,WF-000,,
12875930,16278256,hypsographic,"Pointe Ha’aleleka","Pointe Ha'aleleka",official,-13.311614,-176.184312,WF-000,,
12878066,16281265,settlement,Havelu,Havelu,official,-13.284288,-176.182976,WF-000,,
12876006,16278396,park,Ve,Ve,official,-13.249718,-176.186141,WF-000,,
12878084,16281284,park,Vaimea,Vaimea,official,-13.223544,-176.19512,WF-000,,
12876868,16280500,park,’Utua,'Utua,official,-13.346264,-176.21817,WF-000,,
12877891,16281248,park,Matala’a,Matala'a,official,-13.343322,-176.188245,WF-000,,
12876000,16278390,park,Vaha’avai,Vaha'avai,official,-13.321366,-176.205838,WF-000,,
12876002,16278392,park,"Sagato Lui","Sagato Lui",official,-13.256917,-176.220804,WF-000,,
12876005,16278395,park,Valakehe,Valakehe,official,-13.241115,-176.219529,WF-000,,
12876185,16278575,park,Vaha’agapeka,Vaha'agapeka,official,-13.234369,-176.205496,WF-000,,
12878057,16281256,settlement,Lavegahau,Lavegahau,official,-13.313667,-176.188252,WF-000,,
12878083,16281283,park,Vaivao,Vaivao,official,-13.222912,-176.196932,WF-000,,
12876015,16278405,park,Mataotama,Mataotama,official,-13.254366,-176.174362,WF-000,,
12876010,16460963,spot,"Chapelle Sagata Ana","Chapelle Sagata Ana",variant,-13.274448,-176.200769,WF-000,,
12876188,16278578,park,Fakautu,Fakautu,official,-13.2538,-176.222791,WF-000,,
12876187,16278577,park,Keleuli,Keleuli,official,-13.236587,-176.214669,WF-000,,
12875995,16278384,park,Taliemalaga,Taliemalaga,official,-13.316151,-176.232653,WF-000,,
12875999,16278389,park,Temasi,Temasi,official,-13.32794,-176.208138,WF-000,,
12878058,16281257,settlement,Makeke,Makeke,official,-13.303084,-176.188976,WF-000,,
12876001,16278391,park,Lanumaha,Lanumaha,official,-13.310871,-176.208503,WF-000,,
12878219,16281344,park,Makanukufotu,Makanukufotu,official,-13.185728,-176.204253,WF-000,,
12876003,16278393,park,Vaotapu,Vaotapu,official,-13.257819,-176.213867,WF-000,,
12877896,16281255,park,Fuga’uvea,Fuga'uvea,official,-13.322101,-176.194723,WF-000,,
12876192,16278582,park,Gaoha’a,Gaoha'a,official,-13.326141,-176.19978,WF-000,,
12878059,16281258,park,Niuvalu,Niuvalu,official,-13.298502,-176.185518,WF-000,,
12876181,16278571,settlement,Suva,Suva,official,-13.224229,-176.191501,WF-000,,
12875987,16278374,park,Utuleve,Utuleve,official,-13.30256,-176.245476,WF-000,,
12876872,16280504,park,Tuā,Tua,official,-13.377595,-176.215172,WF-000,,
12875991,16278380,park,Vaihakili,Vaihakili,official,-13.313614,-176.235737,WF-000,,
12875984,16278371,park,Tufaho,Tufaho,official,-13.310567,-176.230925,WF-000,,
12876009,16278399,park,Hikuaki,Hikuaki,official,-13.265658,-176.200243,WF-000,,
12876191,16278581,park,Hokogatolu,Hokogatolu,official,-13.299517,-176.199224,WF-000,,
12876010,16278400,spot,"Chapelle Sainte-Anne","Chapelle Sainte-Anne",official,-13.274448,-176.200769,WF-000,,
12878069,16281267,settlement,Apaogo,Apaogo,official,-13.270767,-176.165913,WF-000,,
12877893,16281251,hydrographic,"Anse Lifuka","Anse Lifuka",official,-13.334775,-176.183699,WF-000,,
12878087,16281331,park,"Le Toafa","Le Toafa",official,-13.26385,-176.199619,WF-000,,
12876864,16280496,hypsographic,"Mont Luo","Mont Luo",official,-13.317285,-176.20567,WF-000,,
12875998,16278388,park,Tualoto,Tualoto,official,-13.318058,-176.233684,WF-000,,
12878081,16281280,park,Foeama,Foeama,official,-13.234746,-176.219391,WF-000,,
12878067,16281266,settlement,"Kafika Tu’utahi","Kafika Tu'utahi",official,-13.282306,-176.190211,WF-000,,
12876867,16280499,settlement,Ha’apai,Ha'apai,official,-13.347333,-176.211722,WF-000,,
12878077,16281277,settlement,Tukifatu,Tukifatu,official,-13.22775,-176.189567,WF-000,,
12878085,16281285,park,Vaitauolo,Vaitauolo,official,-13.225128,-176.192782,WF-000,,
12878094,16281339,park,Velivalu,Velivalu,official,-13.203667,-176.180731,WF-000,,
12876013,16278403,hypsographic,"Mont Kalevalio","Mont Kalevalio",official,-13.263379,-176.170157,WF-000,,
12876012,16278402,park,Papakila,Papakila,official,-13.262163,-176.171545,WF-000,,
12875990,16278379,park,Atuvalu,Atuvalu,official,-13.311857,-176.245688,WF-000,,
12878079,16281279,park,Lalokea,Lalokea,official,-13.230183,-176.214837,WF-000,,
12876016,16278406,settlement,Malelapa,Malelapa,official,-13.235298,-176.182885,WF-000,,
12875980,16278327,park,Pukega,Pukega,official,-13.290758,-176.247674,WF-000,,
12875993,16278382,park,Kelemea,Kelemea,official,-13.315858,-176.225336,WF-000,,
12876873,16280505,park,Fagatogo,Fagatogo,official,-13.373777,-176.213789,WF-000,,
12876008,16278398,park,Loma,Loma,official,-13.26053,-176.224071,WF-000,,
12875983,16278370,park,Halakau,Halakau,official,-13.307319,-176.239843,WF-000,,
12875986,16278373,park,Vaoloa,Vaoloa,official,-13.298778,-176.219896,WF-000,,
12877890,16281087,settlement,Mala’etoli,Mala'etoli,official,-13.319638,-176.228896,WF-000,,
12875989,16278378,park,Lalolalo,Lalolalo,official,-13.298045,-176.23085,WF-000,,
12875994,16278383,park,"Motu O Kiu","Motu O Kiu",official,-13.31718,-176.230555,WF-000,,
12878218,16281343,park,Tanoa,Tanoa,official,-13.184866,-176.19886,WF-000,,
12877623,16280829,settlement,Mala’efo’ou,Mala'efo'ou,official,-13.345437,-176.201597,WF-000,,
12876865,16280497,settlement,Tutu’ila,Tutu'ila,official,-13.343154,-176.217511,WF-000,,
12875992,16278381,park,Hinave,Hinave,official,-13.312544,-176.234384,WF-000,,
12876182,16278572,settlement,Polata,Polata,official,-13.222106,-176.196605,WF-000,,
12878093,16281338,park,Mutuotala,Mutuotala,official,-13.206245,-176.1763,WF-000,,
12878091,16281335,park,Hikuniu,Hikuniu,official,-13.376495,-176.171111,WF-000,,
12878096,16281341,park,Fasiga,Fasiga,official,-13.190538,-176.195445,WF-000,,
12878089,16281333,hypsographic,Mutuotoko,Mutuotoko,official,-13.372041,-176.220323,WF-000,,
12875981,16278368,park,Tetoki,Tetoki,official,-13.306868,-176.248576,WF-000,,
12876186,16278576,park,Logonoa,Logonoa,official,-13.232031,-176.198901,WF-000,,
12876870,16280502,park,Mala’e,Mala'e,official,-13.369282,-176.217806,WF-000,,
12876007,16278397,park,Mou,Mou,official,-13.256506,-176.20026,WF-000,,
12876871,16280503,park,Kapakapa,Kapakapa,official,-13.372407,-176.215611,WF-000,,
12878217,16281342,park,Tekena,Tekena,official,-13.189394,-176.203689,WF-000,,
12876184,16278574,park,Utupoa,Utupoa,official,-13.22504,-176.211256,WF-000,,
12878082,16281282,park,Fai’afa,Fai'afa,official,-13.238169,-176.218963,WF-000,,
12878075,16281274,settlement,Ala,Ala,official,-13.244648,-176.180237,WF-000,,
12876011,16278401,settlement,Afala,Afala,official,-13.267991,-176.179215,WF-000,,
12876862,16280493,park,Fugakolo,Fugakolo,official,-13.305338,-176.227265,WF-000,,
12877892,16281249,park,Kulu’ui,Kulu'ui,official,-13.347312,-176.182219,WF-000,,
12877895,16281253,park,"Fale Tagata","Fale Tagata",official,-13.330198,-176.189553,WF-000,,
12876866,16280498,settlement,Lotoalahi,Lotoalahi,official,-13.340886,-176.208575,WF-000,,
12878064,16281263,settlement,Ahoa,Ahoa,official,-13.285544,-176.17813,WF-000,,
12876014,16278404,park,Faisua,Faisua,official,-13.253309,-176.176602,WF-000,,
12876190,16278580,park,Vaonui,Vaonui,official,-13.299001,-176.209653,WF-000,,
12878088,16281332,hypsographic,"Motu O Tupa","Motu O Tupa",official,-13.368718,-176.221426,WF-000,,
12875985,16278372,park,Panefu,Panefu,official,-13.312161,-176.224551,WF-000,,
12876183,16278573,hydrographic,"Matamoana Source","Matamoana Source",official,-13.220008,-176.196438,WF-000,,
12878063,16281261,settlement,Taumata,Taumata,official,-13.293474,-176.185994,WF-000,,
12875982,16278369,park,To’ogatoto,To'ogatoto,official,-13.304445,-176.247522,WF-000,,
12875988,16278376,park,Tutu’agakava,Tutu'agakava,official,-13.309443,-176.224126,WF-000,,
12878095,16281340,park,Tavala,Tavala,official,-13.19376,-176.192228,WF-000,,
12878090,16281334,park,Fakatoi,Fakatoi,official,-13.328455,-176.217889,WF-000,,
12876863,16280494,hydrographic,"Lac Lanumaha","Lac Lanumaha",official,-13.315272,-176.210282,WF-000,,
12876004,16278394,park,Ulugivai,Ulugivai,official,-13.244941,-176.219311,WF-000,,
12876179,16278569,settlement,Nefunefu,Nefunefu,official,-13.229236,-176.185568,WF-000,,
12876178,16278568,settlement,Siaina,Siaina,official,-13.231441,-176.185841,WF-000,,
12878072,16281271,settlement,Tekolo,Tekolo,official,-13.230609,-176.192468,WF-000,,
12876177,16278407,settlement,Kaleva,Kaleva,official,-13.242339,-176.180799,WF-000,,
12878086,16281286,park,Toketoke,Toketoke,official,-13.238681,-176.180941,WF-000,,
12876180,16278570,settlement,Fakavaka,Fakavaka,official,-13.226651,-176.186743,WF-000,,
12877894,16281252,park,Togotogo,Togotogo,official,-13.332513,-176.187991,WF-000,,
12878220,16281345,park,Makatokelau,Makatokelau,official,-13.183618,-176.204044,WF-000,,
12878092,16281336,park,Sionoa,Sionoa,official,-13.368898,-176.171763,WF-000,,
12876869,16280501,park,Ha’afuluhao,Ha'afuluhao,official,-13.348369,-176.213284,WF-000,,
12876189,16278579,park,Laloleva,Laloleva,official,-13.29156,-176.202132,WF-000,,
13027453,16457823,hydrographic,"Vaikaiolaoto Puits","Vaikaiolaoto Puits",official,-13.219083,-176.168803,WF-000,,
13027454,16457824,hydrographic,Makaosila,Makaosila,official,-13.218764,-176.173866,WF-000,,
13027455,16457825,hydrographic,"Loto O Ifeli","Loto O Ifeli",official,-13.267272,-176.135609,WF-000,,
13027455,16457826,hydrographic,"Trou du Diable","Trou du Diable",variant,-13.267272,-176.135609,WF-000,,
13027456,16458391,spot,"Chapelle Sagata Telesia","Chapelle Sagata Telesia",variant,-13.227338,-176.208712,WF-000,,
13027456,16458390,spot,"Chapelle Sainte-Thérèse","Chapelle Sainte-Therese",official,-13.227338,-176.208712,WF-000,,
13027997,16458393,spot,"Oratoire Tahi Tolu Tapu","Oratoire Tahi Tolu Tapu",official,-13.241651,-176.191213,WF-000,,
13027998,16458395,spot,"Chapelle O Fakautu","Chapelle O Fakautu",variant,-13.251829,-176.223378,WF-000,,
13027998,16458394,spot,"Chapelle de Fakautu","Chapelle de Fakautu",official,-13.251829,-176.223378,WF-000,,
13028496,16458756,park,Vaiapuaka,Vaiapuaka,official,-13.250307,-176.176442,WF-000,,
13028873,16459276,settlement,"Golf de Ololiki","Golf de Ololiki",official,-13.259218,-176.205616,WF-000,,
13030689,16461151,spot,"Couvent des Carmélites","Couvent des Carmelites",official,-13.284047,-176.199609,WF-000,,
13030689,16461152,spot,"Gouvent Kalemelita","Gouvent Kalemelita",variant,-13.284047,-176.199609,WF-000,,
13030690,16461155,spot,"Oratoire Sagato Petelo","Oratoire Sagato Petelo",official,-13.286976,-176.178063,WF-000,,
13030691,16461156,spot,"Place Sagato Soane","Place Sagato Soane",official,-13.28326,-176.173858,WF-000,,
13030692,16461158,spot,"Palais Royal","Palais Royal",official,-13.283143,-176.173995,WF-000,,
13030693,16461161,spot,"Chapelle Sainte-Anne","Chapelle Sainte-Anne",official,-13.305488,-176.184049,WF-000,,
13030694,16461162,hydrographic,"Marais Sanglants","Marais Sanglants",official,-13.304945,-176.248544,WF-000,,
13032266,16462983,spot,"Chapelle Saint-Pierre Chanel","Chapelle Saint-Pierre Chanel",official,-13.316661,-176.21531,WF-000,,
13032269,16463779,spot,"Oratoire de Fatima","Oratoire de Fatima",official,-13.231773,-176.192042,WF-000,,
13032271,16463786,spot,"Dispensaire de Hihifo","Dispensaire de Hihifo",official,-13.232308,-176.18545,WF-000,,
13032272,16463971,spot,"Dispensaire de Mua","Dispensaire de Mua",official,-13.34721,-176.202588,WF-000,,
14561926,18916808,spot,"Église Famili Tapu","Eglise Famili Tapu",variant,-14.25624,-178.143468,WF-AL,,
14561920,18916801,hypsographic,"Utu a Manu","Utu a Manu",official,-14.262587,-178.128615,WF-AL,,
14561919,18916800,hypsographic,"Fatu Sofala","Fatu Sofala",official,-14.272831,-178.116901,WF-AL,,
14561915,18916796,settlement,Tufu’one,Tufu'one,official,-14.287023,-178.102403,WF-AL,,
14561889,18916766,settlement,"Fuga Alo","Fuga Alo",official,-14.30452,-178.12422,WF-AL,,
14561921,18916802,settlement,Kapau,Kapau,official,-14.255979,-178.143416,WF-AL,,
14561899,18916778,spot,"Collège de Fiua","College de Fiua",official,-14.27083,-178.17155,WF-SG,,
14561909,18916788,settlement,Vilamalia,Vilamalia,official,-14.298403,-178.156301,WF-SG,,
14561894,18916771,hypsographic,"Pointe Lepi","Pointe Lepi",official,-14.30771,-178.14525,WF-SG,,
14561905,18916784,hydrographic,Témolio,Temolio,official,-14.30444,-178.150752,WF-SG,,
14561916,18916797,settlement,Tamana,Tamana,official,-14.284393,-178.104305,WF-AL,,
14561880,18916727,spot,"Chapelle de Fatuloli","Chapelle de Fatuloli",official,-14.24343,-178.1718,WF-SG,,
14561908,18916787,settlement,Luanuku,Luanuku,official,-14.301378,-178.156893,WF-SG,,
14561895,18916772,hydrographic,Vainifao,Vainifao,official,-14.30757,-178.14286,WF-000,,
14561907,18916786,hypsographic,"Pointe Utuloa","Pointe Utuloa",official,-14.299308,-178.158667,WF-SG,,
14562923,18918814,hydrographic,Keu,Keu,official,-14.248923,-178.160511,WF-SG,,
14561912,18916793,spot,"Chapelle Sagato Petelo Sanele","Chapelle Sagato Petelo Sanele",variant,-14.295232,-178.091748,WF-AL,,
14561884,18916760,spot,"Notre-Dame des Sept Douleurs","Notre-Dame des Sept Douleurs",official,-14.30958,-178.1155,WF-AL,,
14561927,18916809,hypsographic,"Pointe Afaga","Pointe Afaga",official,-14.258412,-178.136012,WF-AL,,
14561897,18916774,spot,"Chapelle Saint-Pierre Chanel","Chapelle Saint-Pierre Chanel",official,-14.27448,-178.17151,WF-SG,,
14561897,18916775,spot,"Église Sagato Petelo Sanele","Eglise Sagato Petelo Sanele",variant,-14.27448,-178.17151,WF-SG,,
14561885,18916761,spot,"Église Sainte-Thérèse","Eglise Sainte-Therese",official,-14.31095,-178.11055,WF-AL,,
14561881,18916729,spot,"Chapelle Mafu Tapu","Chapelle Mafu Tapu",variant,-14.33112,-178.06414,WF-AL,,
14561901,18916780,hydrographic,Nasaleti,Nasaleti,official,-14.273384,-178.172795,WF-SG,,
14561913,18916794,settlement,Fakaki,Fakaki,official,-14.292619,-178.095729,WF-AL,,
14561893,18916770,hypsographic,Laulauvusiga,Laulauvusiga,official,-14.30986,-178.14025,WF-AL,,
14561932,18916814,hydrographic,Tautuli,Tautuli,official,-14.309721,-178.101801,WF-AL,,
14561925,18916806,settlement,Suma,Suma,official,-14.268623,-178.123354,WF-AL,,
14561911,18916791,spot,"Chapelle de la Vierge Marie","Chapelle de la Vierge Marie",official,-14.290311,-178.099127,WF-AL,,
14561882,18916758,spot,"Chapelle Saint-Michel","Chapelle Saint-Michel",official,-14.30919,-178.12123,WF-AL,,
14561929,18916811,settlement,Sisia,Sisia,official,-14.306872,-178.113671,WF-AL,,
14561885,18916762,spot,"Église Sagata Telesia","Eglise Sagata Telesia",variant,-14.31095,-178.11055,WF-AL,,
14561926,18916807,spot,"Chapelle Sainte-Famille","Chapelle Sainte-Famille",official,-14.25624,-178.143468,WF-AL,,
14561930,18916812,settlement,Kolopelu,Kolopelu,official,-14.309018,-178.118539,WF-AL,,
14561923,18916804,settlement,Afaga,Afaga,official,-14.259389,-178.134145,WF-AL,,
14561924,18916805,settlement,Pouma,Pouma,official,-14.262085,-178.130857,WF-AL,,
14561881,18916728,spot,"Chapelle du Sacré-Cœur","Chapelle du Sacre-Coeur",official,-14.33112,-178.06414,WF-AL,,
14561886,18916763,spot,"Église Évangelique","Eglise Evangelique",official,-14.30978,-178.104434,WF-AL,,
14561931,18916813,hydrographic,"Vai Masa","Vai Masa",official,-14.311303,-178.108475,WF-AL,,
14561914,18916795,hypsographic,"Muli Utu","Muli Utu",official,-14.290944,-178.09711,WF-AL,,
14561892,18916769,hypsographic,"Pointe Nanu’u","Pointe Nanu'u",official,-14.31073,-178.13821,WF-AL,,
14561896,18916773,settlement,Fiua,Fiua,official,-14.27069,-178.17378,WF-SG,,
14561890,18916767,settlement,Kaleveleve,Kaleveleve,official,-14.30817,-178.13323,WF-AL,,
14561891,18916768,hypsographic,"Pointe Matapu","Pointe Matapu",official,-14.31115,-178.13117,WF-AL,,
14561887,18916764,settlement,Ono,Ono,official,-14.31102,-178.11056,WF-AL,,
14561922,18916803,settlement,Ogea,Ogea,official,-14.256832,-178.141277,WF-AL,,
14561906,18916785,hypsographic,"Pointe Utulaka","Pointe Utulaka",official,-14.3035,-178.15477,WF-SG,,
14561904,18916783,hydrographic,Mafofo,Mafofo,official,-14.305675,-178.149308,WF-SG,,
14561888,18916765,settlement,Taoa,Taoa,official,-14.30871,-178.12683,WF-AL,,
14561903,18916782,settlement,Vaisei,Vaisei,official,-14.27772,-178.17048,WF-SG,,
14561933,18916815,hydrographic,"Vai Palapu","Vai Palapu",official,-14.309992,-178.103521,WF-AL,,
14561900,18916779,hydrographic,Sauma,Sauma,official,-14.277749,-178.171755,WF-SG,,
14561902,18916781,hydrographic,Salamoa,Salamoa,official,-14.280612,-178.170049,WF-SG,,
14561898,18916776,spot,"Chapelle Saint-Joseph","Chapelle Saint-Joseph",official,-14.26912,-178.17414,WF-SG,,
14561917,18916798,settlement,Olu,Olu,official,-14.278477,-178.111513,WF-AL,,
14561918,18916799,settlement,Fikavi,Fikavi,official,-14.27124,-178.120064,WF-AL,,
14561910,18916789,spot,"Église de Vilamalia","Eglise de Vilamalia",official,-14.298995,-178.156719,WF-SG,,
14561912,18916792,spot,"Chapelle Saint-Pierre Chanel","Chapelle Saint-Pierre Chanel",official,-14.295232,-178.091748,WF-AL,,
14561883,18916759,spot,"Chapelle Sainte-Marie","Chapelle Sainte-Marie",official,-14.30876,-178.12693,WF-AL,,
14561928,18916810,spot,"Collège de Sisia","College de Sisia",official,-14.306557,-178.112546,WF-AL,,
14561898,18916777,spot,"Église Sagato Sosefo","Eglise Sagato Sosefo",variant,-14.26912,-178.17414,WF-SG,,
14562849,18918656,settlement,Fatai,Fatai,official,-14.280349,-178.109855,WF-AL,,
14563169,18919289,park,"Vai Fafine","Vai Fafine",official,-14.33399,-178.013174,WF-AL,,
14562979,18918899,hypsographic,"Pointe Vatuke","Pointe Vatuke",official,-14.306369,-178.062333,WF-AL,,
14562927,18918818,hydrographic,Lagi,Lagi,official,-14.264743,-178.169933,WF-SG,,
14562856,18918666,hydrographic,Mala’e,Mala'e,official,-14.26978,-178.121161,WF-AL,,
14563146,18919262,hypsographic,"Pointe Fatu Polapola","Pointe Fatu Polapola",official,-14.350289,-178.067809,WF-AL,,
14562846,18918653,hydrographic,"Vai Lasi","Vai Lasi",official,-14.284011,-178.103931,WF-AL,,
14562921,18918792,hydrographic,Leto,Leto,official,-14.248032,-178.164264,WF-SG,,
14563148,18919266,park,Mulivai,Mulivai,official,-14.34391,-178.064186,WF-AL,,
14562970,18918888,spot,"Chapelle de Vele","Chapelle de Vele",official,-14.311819,-178.078259,WF-AL,,
14562936,18918833,hypsographic,Mauga,Mauga,official,-14.284527,-178.159987,WF-SG,,
14563151,18919269,park,Vaivevela,Vaivevela,official,-14.341349,-178.068838,WF-AL,,
14563228,18919351,park,"Matavai Malomu","Matavai Malomu",official,-14.267937,-178.165359,WF-SG,,
14563180,18919302,hydrographic,"Vai Iki’iki","Vai Iki'iki",official,-14.30978,-178.117366,WF-AL,,
14562972,18918890,spot,Sacré-Cœur,Sacre-Coeur,official,-14.303183,-178.078665,WF-AL,,
14562935,18918832,hypsographic,"Ana o le Pili","Ana o le Pili",official,-14.282859,-178.169452,WF-SG,,
14562989,18918911,park,"Lalo Kafika","Lalo Kafika",official,-14.290863,-178.105303,WF-AL,,
14563199,18919322,hydrographic,Galoli,Galoli,official,-14.259012,-178.138315,WF-AL,,
14563162,18919282,hypsographic,"Pointe Matalesina","Pointe Matalesina",official,-14.32405,-178.03008,WF-AL,,
14562847,18918654,spot,"Chapelle de Tamana","Chapelle de Tamana",official,-14.283636,-178.104966,WF-AL,,
14563188,18919311,park,Laumalie,Laumalie,official,-14.280858,-178.120324,WF-AL,,
14562986,18918907,hydrographic,Safu,Safu,official,-14.29067,-178.09808,WF-AL,,
14563205,18919328,park,Tikogapeka,Tikogapeka,official,-14.277637,-178.140414,WF-SG,,
14563175,18919295,settlement,Keu,Keu,official,-14.335465,-178.068967,WF-AL,,
14562901,18918733,hypsographic,"Pointe Tavai","Pointe Tavai",variant,-14.246831,-178.158978,WF-SG,,
14562866,18918683,hypsographic,"Mont Falanise","Mont Falanise",official,-14.267053,-178.157388,WF-SG,,
14562853,18918661,park,Faiumu,Faiumu,official,-14.278473,-178.117622,WF-AL,,
14562903,18918756,settlement,Tuatafa,Tuatafa,official,-14.25467,-178.1515,WF-AL,,
14563263,18919367,park,"Fatu Tafola’a","Fatu Tafola'a",official,-14.323048,-178.037854,WF-AL,,
14562971,18918889,park,Kolotai,Kolotai,official,-14.310347,-178.075191,WF-AL,,
14562854,18918662,hydrographic,Sofala,Sofala,official,-14.273089,-178.117846,WF-AL,,
14563239,18919363,hypsographic,"Fatua Rochers","Fatua Rochers",official,-14.23502,-178.173654,WF-SG,,
14563198,18919321,hydrographic,Luakimasi,Luakimasi,official,-14.259779,-178.133004,WF-AL,,
14562982,18918902,settlement,Ava,Ava,official,-14.296612,-178.089679,WF-AL,,
14563166,18919286,park,Loka,Loka,official,-14.33613,-178.00789,WF-AL,,
14562965,18918882,spot,"Chapelle Saint-Pierre Chanel","Chapelle Saint-Pierre Chanel",official,-14.307715,-178.09785,WF-AL,,
14563204,18919327,park,"Atufatu Tetea","Atufatu Tetea",official,-14.272585,-178.133292,WF-AL,,
14563181,18919303,settlement,Maopo’opo,Maopo'opo,official,-14.306655,-178.123063,WF-AL,,
14563224,18919347,park,Tumukula,Tumukula,official,-14.285725,-178.156005,WF-SG,,
14563242,18919366,park,"Uaua Vave","Uaua Vave",official,-14.322739,-178.043962,WF-AL,,
14562871,18918689,settlement,Pito,Pito,official,-14.261027,-178.177688,WF-SG,,
14563182,18919304,hydrographic,Gutuvai,Gutuvai,official,-14.30916,-178.129134,WF-AL,,
14563202,18919325,park,Tanuago,Tanuago,official,-14.270284,-178.136525,WF-AL,,
14563201,18919324,hypsographic,Matagitoga,Matagitoga,official,-14.268108,-178.137438,WF-AL,,
14562872,18918690,park,Olotapu,Olotapu,official,-14.262842,-178.173397,WF-SG,,
14563238,18919362,spot,"Chapelle de Olu","Chapelle de Olu",official,-14.278735,-178.111239,WF-AL,,
14563150,18919268,hypsographic,"Pointe Mafa’a","Pointe Mafa'a",official,-14.347736,-178.072355,WF-AL,,
14563184,18919307,park,Pukumua,Pukumua,official,-14.302421,-178.128401,WF-AL,,
14563179,18919299,hydrographic,"Vai Lasi","Vai Lasi",official,-14.309463,-178.119885,WF-AL,,
14562882,18918705,spot,"Chapelle Sagata Malia","Chapelle Sagata Malia",variant,-14.253115,-178.180794,WF-SG,,
14563241,18919365,park,Vaika,Vaika,official,-14.350131,-178.05561,WF-AL,,
14562740,18918605,settlement,Aletafa,Aletafa,official,-14.307842,-178.08997,WF-AL,,
14562822,18918647,hydrographic,Vaoloa,Vaoloa,official,-14.285327,-178.102905,WF-AL,,
14562873,18918691,park,Saupeka,Saupeka,official,-14.259598,-178.173216,WF-SG,,
14562905,18918759,hydrographic,Tokomano,Tokomano,official,-14.245415,-178.167918,WF-SG,,
14562865,18918682,hypsographic,"Mont Kolofatufatu","Mont Kolofatufatu",official,-14.271149,-178.151555,WF-SG,,
14562898,18918728,hypsographic,Levesi,Levesi,official,-14.245641,-178.178533,WF-SG,,
14563240,18919364,park,Mulikeu,Mulikeu,official,-14.345863,-178.073178,WF-AL,,
14563149,18919267,park,Anatoeto,Anatoeto,official,-14.34806,-178.069356,WF-AL,,
14562897,18918727,hypsographic,"Pointe Nanumea","Pointe Nanumea",official,-14.245922,-178.180121,WF-SG,,
14563213,18919336,hypsographic,Asipa,Asipa,official,-14.302122,-178.144591,WF-SG,,
14563168,18919288,park,Matavili,Matavili,official,-14.333325,-178.016529,WF-AL,,
14562934,18918820,hypsographic,Sa’alauniu,Sa'alauniu,official,-14.282373,-178.166897,WF-SG,,
14562881,18918701,settlement,Toloke,Toloke,official,-14.253489,-178.180927,WF-SG,,
14563235,18919358,settlement,Tipatipa,Tipatipa,official,-14.248119,-178.179405,WF-SG,,
14563226,18919349,hypsographic,Fugautulei,Fugautulei,official,-14.291444,-178.163231,WF-SG,,
14563177,18919297,park,Asoa,Asoa,official,-14.306043,-178.06776,WF-AL,,
14563183,18919306,park,"Kalae Toa","Kalae Toa",official,-14.303325,-178.125724,WF-AL,,
14562940,18918877,hydrographic,Lotuma,Lotuma,official,-14.29221,-178.160311,WF-SG,,
14563154,18919274,park,Napau,Napau,official,-14.334784,-178.060311,WF-AL,,
14562926,18918817,hydrographic,Tunuma,Tunuma,official,-14.264976,-178.169557,WF-SG,,
14562997,18918922,park,Malavai,Malavai,official,-14.283686,-178.115476,WF-AL,,
14562741,18918606,settlement,Muli,Muli,official,-14.311618,-178.082267,WF-AL,,
14562852,18918660,hydrographic,Anapu,Anapu,official,-14.276687,-178.114124,WF-AL,,
14563157,18919277,park,Vateta,Vateta,official,-14.32736,-178.049662,WF-AL,,
14562870,18918688,hypsographic,"Mont Utulimu","Mont Utulimu",official,-14.256271,-178.171299,WF-SG,,
14562875,18918693,park,Moasa,Moasa,official,-14.251831,-178.167989,WF-SG,,
14563230,18919353,settlement,Nokanoka,Nokanoka,official,-14.267335,-178.172857,WF-SG,,
14563211,18919334,settlement,Fugatoga,Fugatoga,official,-14.305366,-178.135121,WF-AL,,
14562900,18918729,spot,"Chapelle Oneliki","Chapelle Oneliki",official,-14.247368,-178.159348,WF-SG,,
14562882,18918704,spot,"Chapelle Sainte-Marie","Chapelle Sainte-Marie",official,-14.253115,-178.180794,WF-SG,,
14562942,18918879,hydrographic,Leava,Leava,official,-14.293373,-178.158786,WF-SG,,
14562980,18918900,hypsographic,Utua,Utua,official,-14.297162,-178.083003,WF-AL,,
14562893,18918720,hydrographic,Sagole,Sagole,official,-14.24876,-178.17977,WF-SG,,
14563174,18919294,settlement,Sologa,Sologa,official,-14.324491,-178.040633,WF-AL,,
14563223,18919346,park,Pukeloa,Pukeloa,official,-14.275611,-178.158122,WF-SG,,
14562939,18918876,settlement,Nuku,Nuku,official,-14.291037,-178.165363,WF-SG,,
14563216,18919339,hydrographic,Nupuotavai,Nupuotavai,official,-14.287486,-178.150562,WF-SG,,
14563192,18919315,park,Talaiga,Talaiga,official,-14.275358,-178.1303,WF-AL,,
14563227,18919350,park,Fekelo,Fekelo,official,-14.273414,-178.165693,WF-SG,,
14563203,18919326,park,Mataki’uvea,Mataki'uvea,official,-14.269433,-178.133303,WF-AL,,
14563142,18919258,park,Kanisea,Kanisea,official,-14.345726,-178.047652,WF-AL,,
14562987,18918908,park,Tokelau,Tokelau,official,-14.295002,-178.104251,WF-AL,,
14563145,18919261,park,Aletafaga,Aletafaga,official,-14.344396,-178.056518,WF-AL,,
14562973,18918891,settlement,Maleta’ane,Maleta'ane,official,-14.302928,-178.07736,WF-AL,,
14562937,18918874,hydrographic,Sausau,Sausau,official,-14.28854,-178.168117,WF-SG,,
14562892,18918719,hydrographic,Vaikea,Vaikea,official,-14.253621,-178.181521,WF-SG,,
14562966,18918884,hypsographic,"Pointe Tiloga Laea","Pointe Tiloga Laea",official,-14.311154,-178.089017,WF-AL,,
14563196,18919319,hydrographic,Vaiagina,Vaiagina,official,-14.263553,-178.128816,WF-AL,,
14563159,18919279,park,Malima,Malima,official,-14.328349,-178.043697,WF-AL,,
14562977,18918897,settlement,Siku,Siku,official,-14.310239,-178.065286,WF-AL,,
14562992,18918915,park,"Lalo Sigano","Lalo Sigano",official,-14.291318,-178.117419,WF-AL,,
14563190,18919313,hypsographic,Gututasi,Gututasi,official,-14.272781,-178.127297,WF-AL,,
14563206,18919329,park,Matakigamanu,Matakigamanu,official,-14.283252,-178.132613,WF-AL,,
14563237,18919360,park,Fai’ava,Fai'ava,official,-14.303951,-178.067168,WF-AL,,
14563173,18919293,spot,"Grotte Sainte-Bernadette","Grotte Sainte-Bernadette",official,-14.33398,-178.00465,WF-AL,,
14563153,18919271,park,Gogo,Gogo,official,-14.340928,-178.054055,WF-AL,,
14562981,18918901,settlement,Laloua,Laloua,official,-14.299409,-178.080289,WF-AL,,
14563156,18919276,park,Salili,Salili,official,-14.330651,-178.05574,WF-AL,,
14562925,18918816,hydrographic,Asipani,Asipani,official,-14.266224,-178.176415,WF-SG,,
14563140,18919256,park,Lanutavake,Lanutavake,official,-14.359082,-178.039823,WF-AL,,
14562924,18918815,hypsographic,Pava,Pava,official,-14.254467,-178.159616,WF-000,,
14563231,18919354,hypsographic,"Fale Uvo","Fale Uvo",official,-14.260961,-178.176199,WF-SG,,
14562868,18918684,hypsographic,"Mont Olokimoa","Mont Olokimoa",official,-14.270019,-178.160731,WF-SG,,
14563222,18919345,hydrographic,Vainui,Vainui,official,-14.25467,-178.1523,WF-000,,
14562964,18918881,settlement,Vaikelekele,Vaikelekele,official,-14.302761,-178.152676,WF-SG,,
14562855,18918665,hydrographic,Falepua,Falepua,official,-14.271478,-178.119396,WF-AL,,
14562967,18918885,hypsographic,"Mont Mamati","Mont Mamati",official,-14.299972,-178.096568,WF-AL,,
14562963,18918880,spot,"Église de Leava","Eglise de Leava",official,-14.292458,-178.15891,WF-SG,,
14563143,18919259,park,Kololailai,Kololailai,official,-14.342095,-178.046387,WF-AL,,
14563233,18919356,settlement,Sisifo,Sisifo,official,-14.243123,-178.176841,WF-SG,,
14563138,18919254,hypsographic,"Pointe Ana o Loli","Pointe Ana o Loli",official,-14.360611,-178.04707,WF-AL,,
14563158,18919278,park,Natale,Natale,official,-14.334379,-178.051753,WF-AL,,
14563170,18919290,park,Faiumu,Faiumu,official,-14.337005,-178.003821,WF-AL,,
14563172,18919292,hypsographic,"Pointe Ava’afi","Pointe Ava'afi",official,-14.33167,-178.00607,WF-AL,,
14563193,18919316,hypsographic,Pumanu,Pumanu,official,-14.272574,-178.1316,WF-AL,,
14563161,18919281,park,Katueni,Katueni,official,-14.336032,-178.037342,WF-AL,,
14563144,18919260,park,"Matavai Fagogo","Matavai Fagogo",official,-14.34451,-178.043421,WF-AL,,
14562941,18918878,hydrographic,Vaiofo,Vaiofo,official,-14.292295,-178.15972,WF-SG,,
14562969,18918887,park,Futu,Futu,official,-14.303262,-178.088005,WF-AL,,
14562848,18918655,park,Vaimutu,Vaimutu,official,-14.285609,-178.107119,WF-AL,,
14563137,18919253,hypsographic,"Pointe Afaga","Pointe Afaga",official,-14.361677,-178.04236,WF-AL,,
14563002,18918928,park,Tamole,Tamole,official,-14.28234,-178.123006,WF-AL,,
14562998,18918923,hypsographic,"Motu Tai","Motu Tai",official,-14.287293,-178.123534,WF-AL,,
14563001,18918927,park,"Motu Uta","Motu Uta",official,-14.28396,-178.122237,WF-AL,,
14563215,18919338,hydrographic,Savaiki,Savaiki,official,-14.287912,-178.150217,WF-SG,,
14563191,18919314,park,"Toafa Magalua","Toafa Magalua",official,-14.277683,-178.130093,WF-AL,,
14562922,18918793,hydrographic,Falefatu,Falefatu,official,-14.248613,-178.162355,WF-SG,,
14563189,18919312,hypsographic,"Kau Mago","Kau Mago",official,-14.276175,-178.122994,WF-AL,,
14563000,18918924,park,Motu,Motu,official,-14.285529,-178.12335,WF-AL,,
14562993,18918916,hypsographic,Tamuna,Tamuna,official,-14.293828,-178.116154,WF-AL,,
14562920,18918760,hydrographic,Muliselu,Muliselu,official,-14.246549,-178.166406,WF-SG,,
14562984,18918903,spot,"Basilique de Poi","Basilique de Poi",official,-14.295411,-178.092475,WF-AL,,
14562874,18918692,park,Lalofutu,Lalofutu,official,-14.25908,-178.169516,WF-SG,,
14563141,18919257,park,Tukiga,Tukiga,official,-14.349438,-178.046614,WF-AL,,
14563208,18919331,hypsographic,Kenani,Kenani,official,-14.28943,-178.134235,WF-AL,,
14563218,18919341,park,Lelimu,Lelimu,official,-14.278258,-178.147341,WF-SG,,
14562742,18918607,settlement,Vaotea,Vaotea,official,-14.310335,-178.084394,WF-AL,,
14563187,18919310,park,"Fala Tuu Tasi","Fala Tuu Tasi",official,-14.291697,-178.126399,WF-AL,,
14562996,18918920,park,"Lalo Aoa","Lalo Aoa",official,-14.288342,-178.115192,WF-AL,,
14563178,18919298,park,Sufenua,Sufenua,official,-14.298907,-178.109768,WF-AL,,
14563165,18919285,park,Mamalua,Mamalua,official,-14.339209,-178.015135,WF-AL,,
14562890,18918716,hydrographic,Pakafu,Pakafu,official,-14.254563,-178.180985,WF-SG,,
14563210,18919333,park,Akamea,Akamea,official,-14.300246,-178.138308,WF-AL,,
14562995,18918917,hypsographic,Falefe,Falefe,official,-14.286095,-178.115233,WF-AL,,
14563194,18919317,hydrographic,Anakele,Anakele,official,-14.267375,-178.123831,WF-AL,,
14562968,18918886,park,Fafatu,Fafatu,official,-14.301612,-178.093188,WF-AL,,
14563225,18919348,park,Vaifau,Vaifau,official,-14.283344,-178.156074,WF-SG,,
14562974,18918892,park,Lalolalo,Lalolalo,official,-14.306541,-178.075444,WF-AL,,
14563171,18919291,hypsographic,"Atu Tanoa","Atu Tanoa",official,-14.33252,-178.01297,WF-AL,,
14563214,18919337,park,Apipi,Apipi,official,-14.29172,-178.150873,WF-SG,,
14563164,18919284,park,Salafa,Salafa,official,-14.338161,-178.024996,WF-AL,,
14563167,18919287,park,Anatale,Anatale,official,-14.334476,-178.020128,WF-AL,,
14563209,18919332,park,"Kele Kula","Kele Kula",official,-14.298371,-178.134948,WF-AL,,
14562851,18918658,hydrographic,Leutu,Leutu,official,-14.276821,-178.113446,WF-AL,,
14562845,18918650,hydrographic,Solosolo,Solosolo,official,-14.28155,-178.10674,WF-AL,,
14563217,18919340,hypsographic,"Mont Matatao","Mont Matatao",official,-14.285886,-178.142025,WF-SG,,
14563212,18919335,park,Nalua,Nalua,official,-14.305447,-178.147651,WF-SG,,
14563176,18919296,settlement,Sa’avaka,Sa'avaka,official,-14.350199,-178.028411,WF-AL,,
14563160,18919280,park,Sa’afua,Sa'afua,official,-14.338269,-178.04997,WF-AL,,
14563220,18919343,hydrographic,Solo,Solo,official,-14.255361,-178.144349,WF-AL,,
14562978,18918898,spot,"Aérodrome de Vele","Aerodrome de Vele",short,-14.311636,-178.066399,WF-AL,,
14562901,18918732,hypsographic,"Pointe Oneliki","Pointe Oneliki",official,-14.246831,-178.158978,WF-SG,,
14563195,18919318,hypsographic,Paioai,Paioai,official,-14.266706,-178.128873,WF-AL,,
14563139,18919255,park,Afaga,Afaga,official,-14.356602,-178.041379,WF-AL,,
14563229,18919352,hydrographic,Lalovi,Lalovi,official,-14.248216,-178.163389,WF-SG,,
14563179,18919301,hydrographic,"Liua Mala’e","Liua Mala'e",variant,-14.309463,-178.119885,WF-AL,,
14562965,18918883,spot,"Église Sagato Petelo Sanele","Eglise Sagato Petelo Sanele",variant,-14.307715,-178.09785,WF-AL,,
14562869,18918687,hypsographic,Tilogalaea,Tilogalaea,official,-14.257992,-178.164581,WF-SG,,
14562938,18918875,settlement,Sausau,Sausau,official,-14.28854,-178.16746,WF-SG,,
14563207,18919330,park,Saufekai,Saufekai,official,-14.295667,-178.137491,WF-AL,,
14563182,18919305,hydrographic,"Liua Taoa","Liua Taoa",variant,-14.30916,-178.129134,WF-AL,,
14563163,18919283,park,Ganiu,Ganiu,official,-14.332029,-178.027552,WF-AL,,
14562985,18918906,hydrographic,Lalokalaka,Lalokalaka,official,-14.292497,-178.095139,WF-AL,,
14563200,18919323,hydrographic,Avalogo,Avalogo,official,-14.262011,-178.130507,WF-AL,,
14563186,18919309,park,Fenunu,Fenunu,official,-14.290132,-178.124432,WF-AL,,
14563219,18919342,hypsographic,"Mont Kofua","Mont Kofua",official,-14.267906,-178.145317,WF-000,,
14562928,18918819,park,Kelemea,Kelemea,official,-14.267079,-178.169873,WF-SG,,
14563185,18919308,park,"Vai o Lupe","Vai o Lupe",official,-14.29531,-178.126158,WF-AL,,
14563236,18919359,park,Matakiga,Matakiga,official,-14.312273,-178.064598,WF-AL,,
14563221,18919344,hydrographic,Vai,Vai,official,-14.253922,-178.153209,WF-000,,
14562972,18919368,spot,"Mafu Tapu","Mafu Tapu",variant,-14.303183,-178.078665,WF-AL,,
14563197,18919320,hydrographic,Vaimanu,Vaimanu,official,-14.260907,-178.131117,WF-AL,,
14563232,18919355,hypsographic,Peka,Peka,official,-14.249597,-178.173678,WF-SG,,
14562878,18918698,hypsographic,"Pointe Utusega","Pointe Utusega",official,-14.255856,-178.180316,WF-SG,,
14585153,18951636,spot,"Escalier Tongien","Escalier Tongien",official,-14.306557,-178.128815,WF-AL,,
14588180,18955825,park,Sa’afata,Sa'afata,official,-14.248652,-178.166621,WF-SG,,