wgdPlaceId,wgdId,type,name,fullName,nameType,latitude,longitude,administrationGroup,isHistorical,isCapital
9260403,9340418,hypsographic,Torode,Torode,official,49.4775,-2.504444,GG-000,,
-1176715,-1735980,hydrographic,"Côbo Bay","Cobo Bay",official,49.476944,-2.601944,GG-000,,
-1176792,-1736098,hydrographic,"Long Port","Long Port",official,49.483333,-2.6,GG-000,,
-1176780,-1736040,hypsographic,Hanoveaux,Hanoveaux,variant,49.433333,-2.7,GG-000,,
-1176724,-1736071,spot,"Le Creux Mahie","Le Creux Mahie",variant,49.416667,-2.633333,GG-000,,
-1176736,-1736010,settlement,Fregondie,Fregondie,variant,49.429722,-2.37,GG-000,,
-1176745,-1736026,settlement,"Grandes Rocques","Grandes Rocques",official,49.483889,-2.583333,GG-000,,
-1176741,-1736019,hydrographic,"Gouliot Passage","Gouliot Passage",official,49.431111,-2.380833,GG-000,,
-1176700,-1735957,hydrographic,"Bon Repos Boat Harbour","Bon Repos Boat Harbour",variant,49.417222,-2.615833,GG-000,,
-1176824,-1736157,settlement,"Saint Anne","Saint Anne",official,49.715,-2.204167,GG-000,,
-1176816,9348625,hypsographic,"Quesnard Point","Quesnard Point",official,49.729167,-2.16,GG-000,,
-1176714,-1735979,hypsographic,"Clonque Rock","Clonque Rock",official,49.713611,-2.232222,GG-000,,
-1176786,-1736090,hypsographic,"L’Etac de Sark","L'Etac de Sark",variant,49.401111,-2.3675,GG-000,,
-1176764,-1736056,hypsographic,"La Conchée","La Conchee",official,49.471389,-2.645556,GG-000,,
-1176834,-1736172,hypsographic,"Point Sauzebourg","Point Sauzebourg",variant,49.466667,-2.45,GG-000,,
-1176818,-1736149,hypsographic,Renonquet,Renonquet,official,49.733333,-2.283333,GG-000,,
-1176727,-1735997,hypsographic,"Cul de l’Hotel","Cul de l'Hotel",variant,49.5,-2.433333,GG-000,,
-1176787,-1736093,hypsographic,"Lihou Island","Lihou Island",official,49.460556,-2.667222,GG-000,,
-1176751,-1736037,administrative_region,"Bailiwick of Guernsey","Bailiwick of Guernsey",official,49.583333,-2.333333,GG-000,,
-1176700,-1735956,hydrographic,"Hâvre de Bon Repos","Havre de Bon Repos",official,49.417222,-2.615833,GG-000,,
-1176797,-1736107,hypsographic,"Mont Hubert","Mont Hubert",variant,49.433333,-2.583333,GG-000,,
-1176750,-1736036,hypsographic,Guernsey,Guernsey,official,49.45,-2.6,GG-000,,
-1176827,-1736164,settlement,"Saint Sampson’s","Saint Sampson's",variant,49.483889,-2.523333,GG-000,,
-1176777,-1736076,hypsographic,L’Equêt,L'Equet,official,49.716667,-2.35,GG-000,,
-1176697,-1735947,hypsographic,"Bec du Nez","Bec du Nez",official,49.450833,-2.369167,GG-000,,
-1176823,-1736156,hypsographic,"Rousse Point","Rousse Point",official,49.4975,-2.553333,GG-000,,
-1176741,-1736018,hydrographic,"Gouliot Pass","Gouliot Pass",variant,49.431111,-2.380833,GG-000,,
-1176757,-1736045,settlement,Hommet,Hommet,variant,49.476667,-2.574722,GG-000,,
-1176706,9347638,hypsographic,"Moie de Breniere","Moie de Breniere",official,49.409444,-2.368333,GG-000,,
-1176779,-1736078,hypsographic,"Les Etacs","Les Etacs",official,49.704444,-2.239722,GG-000,,
-1176776,-1736085,hypsographic,"Les Puits Jervais","Les Puits Jervais",variant,49.701944,-2.231667,GG-000,,
-1176811,-1736136,hypsographic,"Pleinmont Point","Pleinmont Point",variant,49.430278,-2.674722,GG-000,,
-1176790,-1736096,hydrographic,"Little Russel","Little Russel",official,49.5,-2.483333,GG-000,,
-1176785,-1736092,hypsographic,"L’Etart de la Quoire","L'Etart de la Quoire",variant,49.705833,-2.190556,GG-000,,
-1176789,-1736095,hypsographic,"Little Nannel","Little Nannel",official,49.733333,-2.25,GG-000,,
-1176728,-1735998,park,"Delancey Park","Delancey Park",official,49.478333,-2.525556,GG-000,,
-1176815,-1736142,hydrographic,"Port Soif","Port Soif",official,49.487222,-2.581389,GG-000,,
-1176713,-1735976,hydrographic,"Clanque Bay","Clanque Bay",variant,49.717222,-2.229167,GG-000,,
-1176765,-1736057,hypsographic,"La Coupée","La Coupee",official,49.420556,-2.366111,GG-000,,
-1176722,-1735989,hydrographic,"Corblets Bay","Corblets Bay",official,49.730556,-2.1725,GG-000,,
-1176732,-1736004,spot,"Fort Doyle","Fort Doyle",official,49.505278,-2.505556,GG-000,,
-1176762,-1736054,hypsographic,Jethou,Jethou,official,49.466667,-2.466667,GG-000,,
-1176757,-1736046,settlement,Hommets,Hommets,variant,49.476667,-2.574722,GG-000,,
-1176766,-1736059,hydrographic,"La Grande Grêve","La Grande Greve",official,49.423056,-2.380833,GG-000,,
-1176784,-1736186,hydrographic,"Vingt Clos","Vingt Clos",variant,49.404722,-2.358889,GG-000,,
-1176728,-1735999,park,Delancy,Delancy,variant,49.478333,-2.525556,GG-000,,
-1176807,-1736128,hydrographic,"Pequeries Bay","Pequeries Bay",variant,49.494722,-2.571944,GG-000,,
-1176825,-1736160,hypsographic,"Saint Martin’s Point","Saint Martin's Point",official,49.421389,-2.528056,GG-000,,
-1176788,-1736094,hypsographic,"Little Burhou","Little Burhou",official,49.7,-2.25,GG-000,,
-1176704,-1735939,hydrographic,"Alderney Harbour","Alderney Harbour",variant,49.725556,-2.193333,GG-000,,
-1176810,-1736167,hydrographic,"Bay Saline","Bay Saline",variant,49.721944,-2.212222,GG-000,,
-1176766,-1736060,hydrographic,"La Grand Grève","La Grand Greve",variant,49.423056,-2.380833,GG-000,,
-1176731,-1736003,hydrographic,"Dixcart Bay","Dixcart Bay",official,49.423056,-2.358056,GG-000,,
-1176718,-1735985,hypsographic,"Corbée du Nez","Corbee du Nez",variant,49.450556,-2.368889,GG-000,,
-1176833,-1736171,park,"Saumarez Park","Saumarez Park",official,49.470278,-2.579167,GG-000,,
-1176771,-1736146,settlement,Ramee,Ramee,variant,49.471389,-2.556111,GG-000,,
-1176839,-1736182,settlement,Torteval,Torteval,official,49.433333,-2.65,GG-000,,
-1176794,-1736100,hydrographic,"Longy Bay","Longy Bay",variant,49.720556,-2.171389,GG-000,,
-1176809,-1736130,hydrographic,"Petit Bôt","Petit Bot",variant,49.424722,-2.580833,GG-000,,
-1176830,-1736168,hydrographic,"Saline Bay","Saline Bay",official,49.484444,-2.593889,GG-000,,
-1176764,-1735981,hypsographic,Conchée,Conchee,variant,49.471389,-2.645556,GG-000,,
-1176726,-1735995,hypsographic,Crevichon,Crevichon,official,49.466667,-2.466667,GG-000,,
-1176738,-1736013,hydrographic,"Havre Gosselin","Havre Gosselin",official,49.429167,-2.3775,GG-000,,
-1176745,-1736030,settlement,"Grand Roques","Grand Roques",variant,49.483889,-2.583333,GG-000,,
-1176712,-1735975,hypsographic,"Channel Islands","Channel Islands",official,49.5,-2.5,GG-000,,
-1176723,-1735992,hydrographic,"Creux Harbour","Creux Harbour",official,49.43,-2.343333,GG-000,,
-1176735,-1736080,hypsographic,"Les Frouquies","Les Frouquies",variant,49.716667,-2.366667,GG-000,,
-1176763,-1736144,settlement,"Queux Kings Mill","Queux Kings Mill",variant,49.457778,-2.603056,GG-000,,
-1176828,-1736165,hydrographic,"Saint Samson Harbour","Saint Samson Harbour",variant,49.482222,-2.515278,GG-000,,
-1176711,-1735973,hypsographic,Casquets,Casquets,official,49.716667,-2.4,GG-000,,
-1176696,-1735946,hydrographic,"Bec du Nez","Bec du Nez",official,49.433333,-2.533333,GG-000,,
-1176816,-1736143,hypsographic,"Quenard Point","Quenard Point",variant,49.729167,-2.16,GG-000,,
-1176737,-1736012,hypsographic,Godin,Godin,official,49.483333,-2.433333,GG-000,,
-1176766,-1736024,hydrographic,"Grande Grève","Grande Greve",variant,49.423056,-2.380833,GG-000,,
-1176807,-1736127,hydrographic,"Baie des Pêqueries","Baie des Pequeries",official,49.494722,-2.571944,GG-000,,
-1176740,-1736017,hydrographic,Goulet,Goulet,official,49.429722,-2.341111,GG-000,,
-1176799,-1736114,hypsographic,"The Noires Putes","The Noires Putes",official,49.691389,-2.228333,GG-000,,
-1176774,-1736072,hydrographic,"Le Gouffre","Le Gouffre",official,49.416389,-2.597778,GG-000,,
-1176745,-1736025,settlement,"Grande Roque","Grande Roque",variant,49.483889,-2.583333,GG-000,,
-1176829,-1736166,hydrographic,"Saint’s Bay","Saint's Bay",official,49.421944,-2.556389,GG-000,,
-1176759,-1736050,hydrographic,"Icart Bay","Icart Bay",official,49.4175,-2.565,GG-000,,
-1176787,19802818,hypsographic,Lihou,Lihou,official,49.460556,-2.667222,GG-000,,
-1176810,-1736132,hydrographic,"Plate Saline Bay","Plate Saline Bay",variant,49.721944,-2.212222,GG-000,,
-1176742,-1736021,hypsographic,"Grande Anfroque","Grande Anfroque",variant,49.516667,-2.416667,GG-000,,
-1176705,-1736052,hypsographic,"Isle des Marchants","Isle des Marchants",variant,49.432222,-2.388333,GG-000,,
-1176782,-1736084,settlement,"Les Nicolles","Les Nicolles",official,49.430556,-2.581389,GG-000,,
-1176693,-1735955,hypsographic,Blanquette,Blanquette,variant,49.4425,-2.353333,GG-000,,
-1176731,-1735942,hydrographic,"Baleine Bay","Baleine Bay",variant,49.423056,-2.358056,GG-000,,
-1176755,-1736043,hypsographic,Hermetier,Hermetier,official,49.466667,-2.45,GG-000,,
-1176802,-1736118,hypsographic,"Roque au Nord","Roque au Nord",official,49.516667,-2.533333,GG-000,,
-1176813,-1736139,hydrographic,"Port Grat","Port Grat",variant,49.496389,-2.560278,GG-000,,
-1176828,-1736163,hydrographic,"Saint Sampson Harbour","Saint Sampson Harbour",official,49.482222,-2.515278,GG-000,,
-1176697,9347788,hypsographic,"Oystercatcher’s Rock","Oystercatcher's Rock",variant,49.450833,-2.369167,GG-000,,
-1176699,-1735952,hypsographic,"Bibette Point","Bibette Point",variant,49.73,-2.185,GG-000,,
-1176769,-1736065,hypsographic,"Pointe de la Moye","Pointe de la Moye",official,49.416944,-2.591944,GG-000,,
-1176835,-1736174,hydrographic,"Banc de la Schole","Banc de la Schole",official,49.566667,-2.233333,GG-000,,
-1176738,-1736014,hydrographic,"Gosselin Harbor","Gosselin Harbor",variant,49.429167,-2.3775,GG-000,,
-1176800,-1736115,hypsographic,"Noir Hammet","Noir Hammet",variant,49.733333,-2.25,GG-000,,
-1176730,-1736001,hydrographic,"Derrible Bay","Derrible Bay",official,49.424167,-2.350833,GG-000,,
-1176822,-1736154,settlement,"Roque Tourgis","Roque Tourgis",official,49.716667,-2.216667,GG-000,,
-1176832,-1736170,settlement,Saumarez,Saumarez,official,49.466667,-2.6,GG-000,,
-1176703,-1735961,settlement,Braye,Braye,official,49.7225,-2.200278,GG-000,,
-1176806,-1736123,settlement,Paradis,Paradis,official,49.5,-2.516667,GG-000,,
-1176798,-1736111,hypsographic,Nannels,Nannels,official,49.733333,-2.25,GG-000,,
-1176723,-1736070,hydrographic,"Le Creux Harbour","Le Creux Harbour",variant,49.43,-2.343333,GG-000,,
-1176831,9347611,hypsographic,Sercq,Sercq,variant,49.433056,-2.358889,GG-000,,
-1176747,-1736032,hydrographic,"Great Russel","Great Russel",official,49.416667,-2.483333,GG-000,,
-1176838,-1736181,hypsographic,"Têtes d’Aval","Tetes d'Aval",official,49.433333,-2.483333,GG-000,,
-1176803,-1736119,hypsographic,"North Beach","North Beach",official,49.460556,-2.532778,GG-000,,
-1176742,-1736020,hypsographic,"Grande Amfroque","Grande Amfroque",official,49.516667,-2.416667,GG-000,,
-1176775,-1736006,settlement,Durand,Durand,variant,49.450278,-2.549167,GG-000,,
-1176753,-1736041,settlement,Hautnez,Hautnez,official,49.433333,-2.6,GG-000,,
-1176761,-1736053,hypsographic,"Jerbourg Point","Jerbourg Point",official,49.418333,-2.538889,GG-000,,
-1176776,-1736074,hypsographic,"Le Puits Jervais","Le Puits Jervais",official,49.701944,-2.231667,GG-000,,
-1176695,-1735945,settlement,Beauregard,Beauregard,official,49.430278,-2.369444,GG-000,,
-1176767,-1736061,hydrographic,"La Grêve de la Ville","La Greve de la Ville",official,49.44,-2.351111,GG-000,,
-1176769,-1736064,hypsographic,"Point La Moye","Point La Moye",variant,49.416944,-2.591944,GG-000,,
-1176699,-1735950,hypsographic,Bibette,Bibette,variant,49.73,-2.185,GG-000,,
-1176704,-1735962,hydrographic,"Braye Bay","Braye Bay",official,49.725556,-2.193333,GG-000,,
-1176746,-1736031,hypsographic,"Great Nannel","Great Nannel",official,49.733333,-2.25,GG-000,,
-1176716,-1735983,hypsographic,"Convanche Chasm","Convanche Chasm",official,49.420833,-2.363333,GG-000,,
-1176743,-1736023,hypsographic,"Grande Fauconriere","Grande Fauconriere",variant,49.45,-2.466667,GG-000,,
-1176756,-1736044,hypsographic,Homet,Homet,official,49.483333,-2.466667,GG-000,,
-1176810,-1736134,hydrographic,"Platte Saline Bay","Platte Saline Bay",variant,49.721944,-2.212222,GG-000,,
-1176757,-1736049,settlement,Houmets,Houmets,official,49.476667,-2.574722,GG-000,,
-1176713,-1735978,hydrographic,"Clonque Bay","Clonque Bay",official,49.717222,-2.229167,GG-000,,
-1176839,9346651,settlement,"Saint Phillipe de Torteval","Saint Phillipe de Torteval",variant,49.433333,-2.65,GG-000,,
-1176794,-1735974,hydrographic,"Baie du Catel","Baie du Catel",variant,49.720556,-2.171389,GG-000,,
-1176692,-1735941,settlement,"Bailiffs Cross","Bailiffs Cross",official,49.449167,-2.563333,GG-000,,
-1176801,-1736113,hypsographic,"Noire Pute","Noire Pute",variant,49.466667,-2.416667,GG-000,,
-1176772,-1736063,hydrographic,"La Ichue","La Ichue",variant,49.713889,-2.18,GG-000,,
-1176781,-1736082,hypsographic,"Les Homeaux Florains","Les Homeaux Florains",official,49.731111,-2.161944,GG-000,,
-1176841,-1736185,hypsographic,Vermerette,Vermerette,official,49.466667,-2.466667,GG-000,,
-1176791,-1736097,hypsographic,"Little Sark","Little Sark",official,49.414722,-2.372778,GG-000,,
-1176828,9341088,hydrographic,"St. Sampson Harbour","St. Sampson Harbour",variant,49.482222,-2.515278,GG-000,,
-1176752,-1736039,hydrographic,"Hannaine Bay","Hannaine Bay",official,49.711389,-2.232778,GG-000,,
-1176810,-1736133,hydrographic,"Plat Saline Bay","Plat Saline Bay",variant,49.721944,-2.212222,GG-000,,
-1176777,-1736075,hypsographic,"Le Quest","Le Quest",variant,49.716667,-2.35,GG-000,,
-1176702,-1735963,settlement,"Braye du Val","Braye du Val",variant,49.466667,-2.55,GG-000,,
-1176749,-1736035,hydrographic,"Baie du Grounard","Baie du Grounard",official,49.724444,-2.158889,GG-000,,
-1176819,-1736150,hypsographic,"Point Robert","Point Robert",official,49.436667,-2.345278,GG-000,,
-1176824,9350028,settlement,"St. Anne","St. Anne",variant,49.715,-2.204167,GG-000,,
-1176706,-1735966,hypsographic,Brenière,Breniere,variant,49.409444,-2.368333,GG-000,,
-1176739,-1736015,hypsographic,Goubiniere,Goubiniere,variant,49.45,-2.45,GG-000,,
-1176840,-1736184,hydrographic,"Vazon Bay","Vazon Bay",official,49.471111,-2.6175,GG-000,,
-1176694,-1735944,hydrographic,"Banquette Bay","Banquette Bay",official,49.443056,-2.379167,GG-000,,
-1176745,-1736029,settlement,"Grand Rocq","Grand Rocq",variant,49.483889,-2.583333,GG-000,,
-1176720,-1735987,hypsographic,"Corbet Rock","Corbet Rock",official,49.716667,-2.233333,GG-000,,
-1176739,-1736016,hypsographic,Goubinuere,Goubinuere,official,49.45,-2.45,GG-000,,
-1176778,-1736077,hydrographic,"L’Erée Bay","L'Eree Bay",official,49.45,-2.666667,GG-000,,
-1176736,9347628,settlement,"La Fregondée","La Fregondee",official,49.429722,-2.37,GG-000,,
-1176814,-1736141,hydrographic,"Portinfer Bay","Portinfer Bay",official,49.491111,-2.576389,GG-000,,
-1176805,-1736122,hydrographic,"Ortac Pass","Ortac Pass",variant,49.733333,-2.3,GG-000,,
-1176773,-1736069,settlement,"La Ville Roussel","La Ville Roussel",official,49.437222,-2.355278,GG-000,,
-1176708,9347624,hypsographic,"Les Burons","Les Burons",official,49.429722,-2.339444,GG-000,,
-1176793,-1736099,hypsographic,"Longue Pierre","Longue Pierre",official,49.5,-2.433333,GG-000,,
-1176717,-1735984,hypsographic,"Coque Lihou","Coque Lihou",official,49.696944,-2.209444,GG-000,,
-1176814,9332952,hydrographic,Portinfer,Portinfer,variant,49.491111,-2.576389,GG-000,,
-1176780,-1736081,hypsographic,"Les Hanois","Les Hanois",official,49.433333,-2.7,GG-000,,
-1176724,-1736058,spot,"La Creux Mahe","La Creux Mahe",variant,49.416667,-2.633333,GG-000,,
-1176754,-1736042,hypsographic,Herm,Herm,official,49.5,-2.466667,GG-000,,
-1176763,-1736055,settlement,"King’s Mills","King's Mills",official,49.457778,-2.603056,GG-000,,
-1176821,-1736152,settlement,Rohais,Rohais,variant,49.459167,-2.563056,GG-000,,
-1176710,-1735969,hypsographic,Caguerobert,Caguerobert,variant,49.466667,-2.45,GG-000,,
-1176751,14063097,administrative_region,Guernsey,Guernsey,official,49.583333,-2.333333,GG-000,,
-1176804,-1736120,hypsographic,Ortac,Ortac,official,49.716667,-2.283333,GG-000,,
-1176766,-1736027,hydrographic,"Grand Grêve","Grand Greve",variant,49.423056,-2.380833,GG-000,,
-1176693,-1735943,hypsographic,"Point Banquette","Point Banquette",official,49.4425,-2.353333,GG-000,,
-1176794,9348627,hydrographic,"Longis Bay","Longis Bay",official,49.720556,-2.171389,GG-000,,
-1176812,-1736138,hydrographic,"Port Goury","Port Goury",variant,49.410278,-2.377778,GG-000,,
-1176708,-1735968,hypsographic,Burons,Burons,variant,49.429722,-2.339444,GG-000,,
-1176773,-1736155,settlement,Roselle,Roselle,variant,49.437222,-2.355278,GG-000,,
-1176786,9347645,hypsographic,L’Etac,L'Etac,official,49.401111,-2.3675,GG-000,,
-1176817,9348626,hypsographic,"Île de Raz","Ile de Raz",variant,49.718333,-2.1675,GG-000,,
-1176724,-1735993,spot,"Creux Mahie","Creux Mahie",official,49.416667,-2.633333,GG-000,,
-1176734,-1736007,hydrographic,"Fermain Bay","Fermain Bay",official,49.434444,-2.534444,GG-000,,
-1176702,-1735960,settlement,Braye,Braye,official,49.466667,-2.55,GG-000,,
-1176808,-1736129,hydrographic,"Perelle Bay","Perelle Bay",official,49.4675,-2.641944,GG-000,,
-1176744,-1736028,hydrographic,"Grand Havre","Grand Havre",official,49.501111,-2.550556,GG-000,,
-1176700,-1735958,hydrographic,"Bon Repos Harbour","Bon Repos Harbour",variant,49.417222,-2.615833,GG-000,,
-1176714,-1735977,hypsographic,"Clanque Rock","Clanque Rock",variant,49.713611,-2.232222,GG-000,,
-1176820,-1736151,hydrographic,"Rocquaine Bay","Rocquaine Bay",official,49.446667,-2.672222,GG-000,,
-1176733,-1736005,hydrographic,"Doyle Pass","Doyle Pass",official,49.506944,-2.503333,GG-000,,
-1176765,-1735990,hypsographic,Coupee,Coupee,variant,49.420556,-2.366111,GG-000,,
-1176710,-1735971,hypsographic,Caquorobert,Caquorobert,official,49.466667,-2.45,GG-000,,
-1176786,-1736091,hypsographic,"L’Etac de Sercq","L'Etac de Sercq",variant,49.401111,-2.3675,GG-000,,
-1176782,-1736112,settlement,Nicolles,Nicolles,variant,49.430556,-2.581389,GG-000,,
-1176768,-1736034,hypsographic,"Grosse Roque","Grosse Roque",variant,49.434444,-2.678333,GG-000,,
-1176699,-1735951,hypsographic,"Bibette Head","Bibette Head",official,49.73,-2.185,GG-000,,
-1176768,-1736062,hypsographic,"La Grosse Rock","La Grosse Rock",official,49.434444,-2.678333,GG-000,,
-1176772,-1736068,hydrographic,"La Tchue","La Tchue",official,49.713889,-2.18,GG-000,,
-1176837,-1736125,hydrographic,"Passe du Singe","Passe du Singe",variant,49.733333,-2.233333,GG-000,,
-1176801,-1736117,hypsographic,"Noir Pute","Noir Pute",official,49.466667,-2.416667,GG-000,,
-1176775,-1736073,settlement,"Le Mont Durand","Le Mont Durand",official,49.450278,-2.549167,GG-000,,
-1176834,-1736173,hypsographic,"Point Sauzebourge","Point Sauzebourge",official,49.466667,-2.45,GG-000,,
-1176805,-1736121,hydrographic,"Ortac Channel","Ortac Channel",official,49.733333,-2.3,GG-000,,
-1176825,-1736159,hypsographic,"Saint Martin Point","Saint Martin Point",variant,49.421389,-2.528056,GG-000,,
-1176720,-1735986,hypsographic,Corbet,Corbet,variant,49.716667,-2.233333,GG-000,,
-1176698,-1735949,hydrographic,"Belle Grève Bay","Belle Greve Bay",official,49.467222,-2.523333,GG-000,,
-1176725,-1735994,hypsographic,"Crève Coeur","Creve Coeur",official,49.516667,-2.533333,GG-000,,
-1176797,-1736109,hypsographic,"Mount Hubert","Mount Hubert",official,49.433333,-2.583333,GG-000,,
-1176771,-1736067,settlement,"La Ramée","La Ramee",official,49.471389,-2.556111,GG-000,,
-1176734,-1736011,hydrographic,"Fremain Bay","Fremain Bay",variant,49.434444,-2.534444,GG-000,,
-1176729,-1736179,hypsographic,"Point Terrible","Point Terrible",variant,49.423056,-2.348611,GG-000,,
-1176817,-1736147,hypsographic,"Raz Island","Raz Island",official,49.718333,-2.1675,GG-000,,
-1176809,-1736131,hydrographic,"Petit Bot Bay","Petit Bot Bay",official,49.424722,-2.580833,GG-000,,
-1176812,-1736137,hydrographic,"Port Gorey","Port Gorey",official,49.410278,-2.377778,GG-000,,
-1176811,-1736135,hypsographic,"La Pointe de Pleinmont","La Pointe de Pleinmont",official,49.430278,-2.674722,GG-000,,
-1176736,-1736009,settlement,Fregondée,Fregondee,variant,49.429722,-2.37,GG-000,,
-1176760,-1736051,hypsographic,"Icart Point","Icart Point",official,49.416944,-2.562778,GG-000,,
-1176770,-1736066,hydrographic,"L’Ancresse Bay","L'Ancresse Bay",official,49.506667,-2.525833,GG-000,,
-1176721,-1735988,hydrographic,"Corbière Bay","Corbiere Bay",official,49.416111,-2.605833,GG-000,,
-1176827,-1736162,settlement,"Saint Sampson","Saint Sampson",official,49.483889,-2.523333,GG-000,,
-1176758,-1736048,hypsographic,"Houmet Herbé","Houmet Herbe",official,49.725833,-2.158056,GG-000,,
-1176690,-1735938,hypsographic,Alderney,Alderney,official,49.716667,-2.2,GG-000,,
-1176821,-1736153,settlement,"Rohais Manor","Rohais Manor",official,49.459167,-2.563056,GG-000,,
-1176729,-1736000,hypsographic,"Point Derrible","Point Derrible",official,49.423056,-2.348611,GG-000,,
-1176727,-1735996,hypsographic,"Cul de l’Autel","Cul de l'Autel",official,49.5,-2.433333,GG-000,,
-1176806,-1736124,settlement,Paradise,Paradise,variant,49.5,-2.516667,GG-000,,
-1176839,-1736183,settlement,"Torteval Church","Torteval Church",variant,49.433333,-2.65,GG-000,,
-1176783,-1736086,hypsographic,"Les Terres Point","Les Terres Point",official,49.445833,-2.527778,GG-000,,
-1176707,-1735967,hypsographic,Burhou,Burhou,official,49.733333,-2.25,GG-000,,
-1176691,-1735940,hydrographic,"Alderney South Banks","Alderney South Banks",official,48.683333,-2.2,GG-000,,
-1176779,-1736079,hypsographic,"Les Etats","Les Etats",variant,49.704444,-2.239722,GG-000,,
-1176810,9348619,hydrographic,"Saline Bay","Saline Bay",official,49.721944,-2.212222,GG-000,,
-1176826,-1736161,settlement,"Saint Peter Port","Saint Peter Port",official,49.456111,-2.540833,GG-000,,
-1176784,-1736088,hydrographic,"Les Vingt Clos","Les Vingt Clos",official,49.404722,-2.358889,GG-000,,
-1176837,-1736177,hydrographic,"The Swinge","The Swinge",official,49.733333,-2.233333,GG-000,,
-1176748,-1736033,hypsographic,"Grosnez Point","Grosnez Point",official,49.725278,-2.205278,GG-000,,
-1176785,-1736089,hypsographic,"L’Etac de la Quoiré","L'Etac de la Quoire",official,49.705833,-2.190556,GG-000,,
-1176716,-1735982,hypsographic,"Convache Chasm","Convache Chasm",variant,49.420833,-2.363333,GG-000,,
-1176831,-1736175,hypsographic,Serq,Serq,variant,49.433056,-2.358889,GG-000,,
-1176741,-1736038,hydrographic,"Gulion Pass","Gulion Pass",variant,49.431111,-2.380833,GG-000,,
-1176709,-1735970,settlement,Calais,Calais,official,49.433611,-2.539722,GG-000,,
-1176836,-1736176,hypsographic,"South Beach","South Beach",official,49.457222,-2.533611,GG-000,,
-1176731,-1736002,hydrographic,"Dixcard Bay","Dixcard Bay",variant,49.423056,-2.358056,GG-000,,
-1176705,-1735965,hypsographic,"Brecqhou Island","Brecqhou Island",variant,49.432222,-2.388333,GG-000,,
-1176743,-1736022,hypsographic,"Grande Fauconnière","Grande Fauconniere",official,49.45,-2.466667,GG-000,,
-1176818,-1736148,hypsographic,Renonpuet,Renonpuet,variant,49.733333,-2.283333,GG-000,,
-1176831,-1736169,hypsographic,Sark,Sark,official,49.433056,-2.358889,GG-000,,
-1176838,-1736087,hypsographic,"Les Tétes d’Aval","Les Tetes d'Aval",variant,49.433333,-2.483333,GG-000,,
-1176705,-1735964,hypsographic,Brecqhou,Brecqhou,official,49.432222,-2.388333,GG-000,,
-1176718,-1735991,hypsographic,"Courbée du Nez","Courbee du Nez",official,49.450556,-2.368889,GG-000,,
-1176698,-1735948,hydrographic,"Belgrave Bay","Belgrave Bay",variant,49.467222,-2.523333,GG-000,,
-1176735,-1736008,hypsographic,Fourquie,Fourquie,official,49.716667,-2.366667,GG-000,,
-1176711,-1735972,hypsographic,Caskets,Caskets,variant,49.716667,-2.4,GG-000,,
-1176783,-1736178,hypsographic,"Terres Point","Terres Point",variant,49.445833,-2.527778,GG-000,,
-1176757,-1736047,settlement,Houmet,Houmet,variant,49.476667,-2.574722,GG-000,,
-1176730,-1736180,hydrographic,"Terrible Bay","Terrible Bay",variant,49.424167,-2.350833,GG-000,,
-1176800,-1736116,hypsographic,"Noir Houmet","Noir Houmet",official,49.733333,-2.25,GG-000,,
-1176701,-1735959,hydrographic,"Bordeaux Harbour","Bordeaux Harbour",official,49.489444,-2.506667,GG-000,,
-1176838,-1736101,hypsographic,"Lower Heads","Lower Heads",variant,49.433333,-2.483333,GG-000,,
-1176813,-1736140,hydrographic,"Baie de Port Grat","Baie de Port Grat",official,49.496389,-2.560278,GG-000,,
-1176796,-1736108,hydrographic,"Moulin Huet Bay","Moulin Huet Bay",official,49.4225,-2.545,GG-000,,
-1176824,-1736158,settlement,"Saint Annes","Saint Annes",variant,49.715,-2.204167,GG-000,,
-1176807,-1736126,hydrographic,Pequeries,Pequeries,variant,49.494722,-2.571944,GG-000,,
-1176769,-1736110,hypsographic,"Moye Point","Moye Point",variant,49.416944,-2.591944,GG-000,,
9255647,9333316,hypsographic,"Roustel Rock","Roustel Rock",official,49.436111,-2.677778,GG-000,,
9255574,9333231,administrative_region,Forest,Forest,official,49.425833,-2.591944,GG-000,,
9255580,9333237,administrative_region,"Saint Andrew","Saint Andrew",official,49.447778,-2.573611,GG-000,,
9255642,9333309,hypsographic,"Red Rock","Red Rock",official,49.435833,-2.68,GG-000,,
9255689,9333371,settlement,Pleinmont,Pleinmont,official,49.431944,-2.667222,GG-000,,
9255649,9333320,hypsographic,"La Tour","La Tour",official,49.439444,-2.675278,GG-000,,
9255557,9333210,administrative_region,"Saint Saviour","Saint Saviour",official,49.449722,-2.623889,GG-000,,
9255351,9332956,hypsographic,"Herpin Rock","Herpin Rock",official,49.423333,-2.671944,GG-000,,
9255352,9332958,hypsographic,"Gull Rock","Gull Rock",variant,49.422778,-2.665556,GG-000,,
9255580,9336253,administrative_region,"St. Andrew","St. Andrew",variant,49.447778,-2.573611,GG-000,,
9255352,9332957,hypsographic,"Tas de Pois d’Aval","Tas de Pois d'Aval",official,49.422778,-2.665556,GG-000,,
9255587,9333244,administrative_region,Vale,Vale,official,49.493611,-2.528333,GG-000,,
9255576,9333233,administrative_region,"Saint Martin","Saint Martin",official,49.433333,-2.557222,GG-000,,
9255583,9336254,administrative_region,"St. Peter Port","St. Peter Port",variant,49.46,-2.551944,GG-000,,
9255598,9336255,administrative_region,"St. Sampson","St. Sampson",variant,49.481944,-2.537222,GG-000,,
9255555,9336250,administrative_region,"St. Pierre du Bois","St. Pierre du Bois",variant,49.445556,-2.643611,GG-000,,
9255557,9336251,administrative_region,"St. Saviour","St. Saviour",variant,49.449722,-2.623889,GG-000,,
9255555,9333208,administrative_region,"Saint Pierre du Bois","Saint Pierre du Bois",official,49.445556,-2.643611,GG-000,,
9255598,9333256,administrative_region,"Saint Sampson","Saint Sampson",official,49.481944,-2.537222,GG-000,,
9255676,9333355,spot,"Fort Pezeries","Fort Pezeries",official,49.436944,-2.671667,GG-000,,
9255585,9333242,administrative_region,Castel,Castel,official,49.465,-2.593611,GG-000,,
9255556,9333209,administrative_region,Torteval,Torteval,official,49.43,-2.648889,GG-000,,
9255583,9333240,administrative_region,"Saint Peter Port","Saint Peter Port",official,49.46,-2.551944,GG-000,,
9255576,9336252,administrative_region,"St. Martin","St. Martin",variant,49.433333,-2.557222,GG-000,,
9255686,9333368,park,"Les Pezeries","Les Pezeries",official,49.436111,-2.671111,GG-000,,
9260981,9341212,settlement,"Hougues Magues","Hougues Magues",official,49.481389,-2.549167,GG-000,,
9260389,9340403,hypsographic,"Demie Flieroque","Demie Flieroque",official,49.468611,-2.523056,GG-000,,
9260593,9340646,hypsographic,"Banque Barque","Banque Barque",official,49.503889,-2.521667,GG-000,,
9260151,9340133,settlement,"Le Bigard","Le Bigard",official,49.424722,-2.605278,GG-000,,
9260639,9340694,settlement,"North Side","North Side",official,49.485278,-2.516111,GG-000,,
9260335,9340341,settlement,Jerbourg,Jerbourg,official,49.424722,-2.533611,GG-000,,
9260655,9340716,settlement,"The Bridge","The Bridge",official,49.483056,-2.521667,GG-000,,
9260402,9340417,hypsographic,"Grande Demie","Grande Demie",official,49.478056,-2.508611,GG-000,,
9260188,9340173,hypsographic,"Les Sommeilleuses","Les Sommeilleuses",official,49.420833,-2.59,GG-000,,
9260614,9340669,settlement,"Les Mielles","Les Mielles",official,49.498889,-2.520278,GG-000,,
9260428,9340449,hypsographic,"Petit Omptollé","Petit Omptolle",official,49.499167,-2.498333,GG-000,,
9260623,9340678,settlement,"Les Hautgards","Les Hautgards",official,49.494444,-2.525,GG-000,,
9260087,9340058,settlement,"La Corbière","La Corbiere",official,49.424167,-2.6125,GG-000,,
9260632,9340687,settlement,Bordeaux,Bordeaux,official,49.489722,-2.509444,GG-000,,
9260977,9341208,settlement,"Grand Fort","Grand Fort",official,49.484167,-2.544444,GG-000,,
9260411,9340427,hypsographic,"La Vieille","La Vieille",official,49.490278,-2.501944,GG-000,,
9260599,9340652,spot,"Hougue Patris","Hougue Patris",official,49.504167,-2.514444,GG-000,,
9260353,9340362,hydrographic,"Havelet Bay","Havelet Bay",official,49.451111,-2.529444,GG-000,,
9260663,9340725,settlement,Baugy,Baugy,official,49.490833,-2.525556,GG-000,,
9260351,9340360,hypsographic,"Anfré Beacon","Anfre Beacon",official,49.440833,-2.525,GG-000,,
9260944,9341173,hypsographic,"Boue La Grève","Boue La Greve",official,49.511111,-2.550556,GG-000,,
9260055,9340023,settlement,"Les Sages","Les Sages",official,49.434167,-2.639444,GG-000,,
9260773,9340890,settlement,"Fort George","Fort George",official,49.446389,-2.54,GG-000,,
9260360,9340370,hydrographic,"The Harbour","The Harbour",official,49.455833,-2.531111,GG-000,,
9260974,9341205,settlement,"Les Gigands","Les Gigands",official,49.4825,-2.540833,GG-000,,
9260691,9340758,settlement,Bouet,Bouet,official,49.468056,-2.541111,GG-000,,
9260081,9340051,hypsographic,"Les Ecrilleurs","Les Ecrilleurs",official,49.420278,-2.627778,GG-000,,
9260968,9341199,spot,Oatlands,Oatlands,official,49.485278,-2.539444,GG-000,,
9260440,9340464,hypsographic,"Rocque Vieille","Rocque Vieille",official,49.513611,-2.500278,GG-000,,
9260044,9340011,hypsographic,"Les Bouffeures","Les Bouffeures",official,49.424444,-2.644167,GG-000,,
9260917,9341132,hypsographic,L’Aunoné,L'Aunone,official,49.513056,-2.531111,GG-000,,
9260909,9341119,spot,"Fort Pembroke","Fort Pembroke",official,49.5075,-2.531389,GG-000,,
9260681,9340745,spot,"Chateau des Marais","Chateau des Marais",official,49.471667,-2.538333,GG-000,,
9260778,9340899,spot,"Clarence Battery","Clarence Battery",official,49.446111,-2.530833,GG-000,,
9260171,9340156,settlement,"Le Roussel","Le Roussel",official,49.436111,-2.585556,GG-000,,
9260191,9340176,hydrographic,"Le Jaonnet Bay","Le Jaonnet Bay",official,49.424167,-2.570556,GG-000,,
9260383,9340397,hypsographic,"Les Brayes","Les Brayes",official,49.466389,-2.526111,GG-000,,
9260043,9340010,hypsographic,"Mont Herault","Mont Herault",official,49.425833,-2.656944,GG-000,,
9260418,9340435,hydrographic,"Pêtils Bay","Petils Bay",official,49.493056,-2.501667,GG-000,,
9260020,9339985,hypsographic,"Les Kaines d’Aval","Les Kaines d'Aval",official,49.421667,-2.652222,GG-000,,
9260361,9340371,spot,"White Rock","White Rock",official,49.456389,-2.526944,GG-000,,
9260192,9340177,hydrographic,"La Bétte Bay","La Bette Bay",official,49.4225,-2.567222,GG-000,,
9260701,9340769,park,"Cambridge Park","Cambridge Park",official,49.460278,-2.540556,GG-000,,
9260979,9341210,settlement,"Hougue Nicolle","Hougue Nicolle",official,49.476944,-2.546667,GG-000,,
9260338,9340344,settlement,"La Bouvée","La Bouvee",official,49.428889,-2.536944,GG-000,,
9260090,9340061,settlement,"Les Heches","Les Heches",official,49.43,-2.617222,GG-000,,
9260052,9340019,settlement,"Le Planel","Le Planel",official,49.427778,-2.632222,GG-000,,
9260429,9340451,hydrographic,"Mares a Fils","Mares a Fils",official,49.500833,-2.502222,GG-000,,
9260098,9340069,hypsographic,"La Corbière","La Corbiere",official,49.4175,-2.606944,GG-000,,
9260193,9340178,spot,"Le Creux au Chien","Le Creux au Chien",official,49.42,-2.566389,GG-000,,
9260813,9340963,settlement,"Les Quartiers","Les Quartiers",official,49.473056,-2.551667,GG-000,,
9260152,9340134,settlement,"La Villiaze","La Villiaze",official,49.427222,-2.605833,GG-000,,
9260354,9340363,park,"La Valette","La Valette",official,49.448889,-2.5325,GG-000,,
9260436,9340459,settlement,"La Rochelle","La Rochelle",official,49.499444,-2.508889,GG-000,,
9260203,9340188,settlement,"La Fosse","La Fosse",official,49.429722,-2.554722,GG-000,,
9260348,9340357,settlement,"Village de Putron","Village de Putron",official,49.438333,-2.542778,GG-000,,
9260345,9340353,hypsographic,"Fermain Point","Fermain Point",official,49.435556,-2.531667,GG-000,,
9260176,9340161,settlement,"Les Pieces","Les Pieces",official,49.433333,-2.583056,GG-000,,
9260410,9340426,hypsographic,Bectondu,Bectondu,official,49.490556,-2.497778,GG-000,,
9260357,9340367,hypsographic,Huitrière,Huitriere,variant,49.451667,-2.524167,GG-000,,
9260809,9340957,settlement,"Les Hubits","Les Hubits",official,49.442222,-2.548333,GG-000,,
9260955,9341186,hypsographic,"Champ Rouget","Champ Rouget",official,49.503611,-2.543056,GG-000,,
9260187,9340172,settlement,"Les Fontenelles","Les Fontenelles",official,49.423611,-2.591389,GG-000,,
9260401,9340416,hypsographic,"Black Rock","Black Rock",official,49.482222,-2.508333,GG-000,,
9260444,9340468,hypsographic,"Fontaine ès Boeufs","Fontaine es Boeufs",official,49.505,-2.504722,GG-000,,
9260636,9340691,park,"Rocques Barrées","Rocques Barrees",official,49.487222,-2.509444,GG-000,,
9260986,9341217,settlement,"Les Salines","Les Salines",official,49.485,-2.556111,GG-000,,
9260200,9340185,hypsographic,Etocré-little,Etocre-little,official,49.418056,-2.555556,GG-000,,
9260357,9340366,hypsographic,"Oyster Rock","Oyster Rock",official,49.451667,-2.524167,GG-000,,
9260417,9340434,hypsographic,"Le Poincon","Le Poincon",official,49.487778,-2.506111,GG-000,,
9260422,9340440,hypsographic,"Port de Noirment","Port de Noirment",official,49.496944,-2.501944,GG-000,,
9260089,9340060,settlement,"La Croix","La Croix",official,49.428889,-2.614444,GG-000,,
9260168,9340153,settlement,"La Villiaze","La Villiaze",official,49.4375,-2.591667,GG-000,,
9260423,9340441,hydrographic,"Miellette Bay","Miellette Bay",official,49.498889,-2.500833,GG-000,,
9260342,9340348,hypsographic,"Longue Pierre","Longue Pierre",official,49.4225,-2.524722,GG-000,,
9260397,9340412,settlement,Richmond,Richmond,official,49.476389,-2.524167,GG-000,,
9260396,9340411,hypsographic,"Spur Point","Spur Point",official,49.475556,-2.52,GG-000,,
9260014,9339979,hypsographic,"Pezeries Point","Pezeries Point",official,49.438056,-2.67,GG-000,,
9260816,9340968,settlement,Coutanchez,Coutanchez,official,49.471667,-2.549167,GG-000,,
9260405,9341083,spot,"Le Chateau St. Michel","Le Chateau St. Michel",variant,49.485,-2.509167,GG-000,,
9260190,9340175,hydrographic,"Portelet Bay","Portelet Bay",official,49.423333,-2.5825,GG-000,,
9260681,9341056,spot,"Chateau d’Orgueil","Chateau d'Orgueil",variant,49.471667,-2.538333,GG-000,,
9260050,9340017,settlement,"Les Simons","Les Simons",official,49.4275,-2.638611,GG-000,,
9260797,9340939,settlement,"Les Camps du Moulin","Les Camps du Moulin",official,49.433611,-2.55,GG-000,,
9260975,9341206,settlement,Baubigny,Baubigny,official,49.481944,-2.543056,GG-000,,
9260085,9340055,park,"La Prevôte","La Prevote",official,49.421667,-2.621389,GG-000,,
9260355,9340364,settlement,"Les Terres","Les Terres",official,49.449722,-2.536667,GG-000,,
9260206,9340192,hypsographic,"La Surtout","La Surtout",variant,49.424722,-2.546944,GG-000,,
9260626,9340681,settlement,"Le Hurel","Le Hurel",official,49.495,-2.529722,GG-000,,
9260198,9340183,hypsographic,Etocré,Etocre,official,49.416944,-2.556111,GG-000,,
9260695,9340763,settlement,Amherst,Amherst,official,49.463611,-2.543611,GG-000,,
9260656,9340717,settlement,"South Side","South Side",official,49.481667,-2.515833,GG-000,,
9260206,9340191,hypsographic,"Cradle Rock","Cradle Rock",official,49.424722,-2.546944,GG-000,,
9260330,9340336,hypsographic,"Dog and Lion Rocks","Dog and Lion Rocks",official,49.423611,-2.55,GG-000,,
9260362,9340372,hypsographic,"Sardette Beacon","Sardette Beacon",official,49.459167,-2.525,GG-000,,
9260061,9340030,settlement,"Le Coudré","Le Coudre",official,49.436667,-2.643333,GG-000,,
9260433,9340455,settlement,"La Turquie","La Turquie",official,49.494167,-2.505556,GG-000,,
9260638,9340693,settlement,Maresquet,Maresquet,official,49.486944,-2.515278,GG-000,,
9260392,9340406,hypsographic,"Vieille Jetteure","Vieille Jetteure",official,49.473889,-2.517778,GG-000,,
9260922,9341139,hypsographic,"Mont Cuet","Mont Cuet",official,49.506111,-2.541944,GG-000,,
9260962,9341193,spot,"Pont St. Michel","Pont St. Michel",official,49.491944,-2.541389,GG-000,,
9260339,9340345,hypsographic,Fourquie,Fourquie,official,49.416944,-2.531111,GG-000,,
9260661,9340722,settlement,Maraitaine,Maraitaine,official,49.490278,-2.526944,GG-000,,
9260331,9340337,hydrographic,"Moulin Huet","Moulin Huet",official,49.425833,-2.546667,GG-000,,
9260078,9340048,settlement,"Les Falles","Les Falles",official,49.432778,-2.631111,GG-000,,
9260895,9341096,hypsographic,Rocquerais,Rocquerais,official,49.503056,-2.528333,GG-000,,
9260346,9340354,hypsographic,"Gold Fisher Rock","Gold Fisher Rock",official,49.436111,-2.530833,GG-000,,
9260945,9341174,hypsographic,Chouet,Chouet,official,49.505278,-2.546667,GG-000,,
9260333,9340339,hypsographic,"Le Mont Durand","Le Mont Durand",official,49.427222,-2.544167,GG-000,,
9260815,9340966,spot,"St. Catherine’s Farm","St. Catherine's Farm",variant,49.469167,-2.551111,GG-000,,
9260100,9340071,settlement,"La Roberge","La Roberge",official,49.423611,-2.603889,GG-000,,
9260435,9340458,settlement,"La Moye","La Moye",official,49.499722,-2.513889,GG-000,,
9260629,9340684,settlement,"Hougue Moulin","Hougue Moulin",official,49.493056,-2.514444,GG-000,,
9260359,9340369,spot,"Castle Pier","Castle Pier",official,49.453333,-2.529722,GG-000,,
9260408,9340424,hypsographic,"La Platte","La Platte",official,49.484722,-2.493333,GG-000,,
9260164,9340149,settlement,"Le Gron","Le Gron",official,49.438889,-2.608611,GG-000,,
9260346,9340355,hypsographic,"Le Gouficher","Le Gouficher",variant,49.436111,-2.530833,GG-000,,
9260409,9340425,hypsographic,"Le Gros Rocher","Le Gros Rocher",official,49.486667,-2.504444,GG-000,,
9260091,9340062,settlement,"Le Manoir","Le Manoir",official,49.426111,-2.610833,GG-000,,
9260065,9341072,spot,"Chateau de Rocquaine","Chateau de Rocquaine",variant,49.439167,-2.655278,GG-000,,
9260404,9340419,hypsographic,Morvilliere,Morvilliere,official,49.475278,-2.504722,GG-000,,
9260666,9340728,settlement,Friquet,Friquet,official,49.490833,-2.531389,GG-000,,
9260885,9341078,spot,"Jerbourg Earthworks","Jerbourg Earthworks",official,49.424444,-2.536944,GG-000,,
9260388,9340402,hypsographic,"Kempt Rock","Kempt Rock",official,49.473056,-2.526667,GG-000,,
9260086,9340056,settlement,"Les Bruliaux","Les Bruliaux",official,49.425,-2.616111,GG-000,,
9260334,9340340,settlement,"Le Vallon","Le Vallon",official,49.430278,-2.545,GG-000,,
9260093,9340064,hydrographic,"Hâvre de Bon Repos","Havre de Bon Repos",official,49.418056,-2.616111,GG-000,,
9260897,9341099,hydrographic,"Pembroke Bay","Pembroke Bay",official,49.504444,-2.5325,GG-000,,
9260432,9340454,hypsographic,"Croix Besnard","Croix Besnard",official,49.499722,-2.502778,GG-000,,
9260394,9340408,hypsographic,Hommes,Hommes,official,49.476944,-2.511111,GG-000,,
9260065,9340034,spot,"Fort Grey","Fort Grey",official,49.439167,-2.655278,GG-000,,
9260424,9340442,hypsographic,Omptollé,Omptolle,official,49.501389,-2.498889,GG-000,,
9260671,9340733,settlement,"Braye du Valle","Braye du Valle",official,49.487222,-2.535278,GG-000,,
9260150,9340132,settlement,L’Epinel,L'Epinel,official,49.426111,-2.601944,GG-000,,
9260637,9340692,settlement,Fortebrie,Fortebrie,official,49.488889,-2.514722,GG-000,,
9260063,9340032,settlement,"La Lague","La Lague",official,49.433611,-2.659722,GG-000,,
9260169,9340154,settlement,"Le Bouillon","Le Bouillon",official,49.441389,-2.590833,GG-000,,
9260185,9340170,settlement,"Le Variouf","Le Variouf",official,49.426944,-2.587778,GG-000,,
9260674,9340738,settlement,"Les Sauvagees","Les Sauvagees",official,49.483611,-2.535556,GG-000,,
9260011,9339976,hypsographic,"Nipple Rock","Nipple Rock",variant,49.445,-2.6825,GG-000,,
9260015,9339980,hydrographic,"Baie de la Forge","Baie de la Forge",official,49.423056,-2.66,GG-000,,
9260591,9340644,spot,"Fort LeMarchant","Fort LeMarchant",official,49.508611,-2.518611,GG-000,,
9260340,9340346,hypsographic,"Les Grunes de Jerbourg","Les Grunes de Jerbourg",official,49.416111,-2.536944,GG-000,,
9260678,9340742,settlement,"Le Marais","Le Marais",official,49.475,-2.536667,GG-000,,
9260082,9340052,hypsographic,Toulette,Toulette,official,49.419722,-2.629444,GG-000,,
9260083,9340053,settlement,"Les Laurens","Les Laurens",official,49.425278,-2.625278,GG-000,,
9260913,9341124,hypsographic,"Crève Coeur","Creve Coeur",official,49.508333,-2.533333,GG-000,,
9260957,9341188,hydrographic,"Ladies Bay","Ladies Bay",official,49.498889,-2.541944,GG-000,,
9260699,9340767,spot,"Beau Séjour","Beau Sejour",official,49.462222,-2.540556,GG-000,,
9260336,9340342,spot,"Doyle Column","Doyle Column",official,49.426944,-2.534167,GG-000,,
9260332,9340338,hydrographic,"Petit Port","Petit Port",official,49.424722,-2.54,GG-000,,
9260954,9341185,hypsographic,"Fontaine Marches","Fontaine Marches",official,49.502222,-2.548056,GG-000,,
9260589,9340642,hypsographic,"Le Plomb","Le Plomb",official,49.509722,-2.518056,GG-000,,
9260180,9340165,settlement,"Le Bourg","Le Bourg",official,49.431389,-2.5925,GG-000,,
9260430,9340452,settlement,"La Miellette","La Miellette",official,49.498889,-2.504444,GG-000,,
9260205,9340190,hypsographic,Mouillière,Mouilliere,official,49.421111,-2.547778,GG-000,,
9260963,9341194,hypsographic,"Picquerel Point","Picquerel Point",official,49.493333,-2.548056,GG-000,,
9260616,9340671,park,"L’Ancresse Common","L'Ancresse Common",official,49.500278,-2.526389,GG-000,,
9260343,9340350,hydrographic,"Vaux Bêtes","Vaux Betes",variant,49.421389,-2.530278,GG-000,,
9260395,9340409,hypsographic,"Richmond Corner","Richmond Corner",official,49.475278,-2.524167,GG-000,,
9260019,9339984,hydrographic,"Belle Elizabeth","Belle Elizabeth",official,49.423889,-2.653611,GG-000,,
9260622,9340677,settlement,Closios,Closios,official,49.496111,-2.534167,GG-000,,
9260976,9341207,settlement,Braeside,Braeside,official,49.485833,-2.544444,GG-000,,
9260084,9340054,hypsographic,"Les Haises","Les Haises",official,49.418056,-2.621111,GG-000,,
9260390,9340404,hypsographic,Flieroque,Flieroque,official,49.470833,-2.521111,GG-000,,
9260768,9340881,settlement,Rozel,Rozel,official,49.450833,-2.541667,GG-000,,
9260160,9340143,settlement,"La Planque","La Planque",official,49.431111,-2.600556,GG-000,,
9260958,9341189,hypsographic,"Hommet de Grève","Hommet de Greve",official,49.501111,-2.545833,GG-000,,
9260987,9341218,settlement,"Les Martins","Les Martins",official,49.487778,-2.556389,GG-000,,
9260443,9340467,settlement,"La Lande","La Lande",official,49.503056,-2.508333,GG-000,,
9260088,9340059,settlement,"Les Marchez","Les Marchez",official,49.428056,-2.6175,GG-000,,
9260439,9340463,hypsographic,"Les Fourquies","Les Fourquies",official,49.510278,-2.495,GG-000,,
9260621,9340676,settlement,"Le Marais","Le Marais",official,49.496667,-2.527778,GG-000,,
9260681,9341057,spot,"Marais d’Orgeuil","Marais d'Orgeuil",variant,49.471667,-2.538333,GG-000,,
9260358,9340368,spot,"Castle Cornet","Castle Cornet",official,49.453056,-2.526667,GG-000,,
9260806,9340954,spot,"Statue Menhir","Statue Menhir",official,49.437778,-2.548611,GG-000,,
9260170,9340155,settlement,"Les Vauxbelets","Les Vauxbelets",official,49.442222,-2.5875,GG-000,,
9260918,9341133,hypsographic,"La Bennette","La Bennette",official,49.509167,-2.543333,GG-000,,
9260664,9340726,settlement,Hall,Hall,official,49.490278,-2.522778,GG-000,,
9260442,9340466,hypsographic,"Banque Mouton","Banque Mouton",official,49.505833,-2.508611,GG-000,,
9260148,9340129,settlement,"La Vrangue","La Vrangue",official,49.424722,-2.600556,GG-000,,
9260657,9340718,settlement,"La Robergerie","La Robergerie",official,49.481111,-2.526389,GG-000,,
9260799,9340941,settlement,"Courtes Fallaizes","Courtes Fallaizes",official,49.431111,-2.5425,GG-000,,
9260016,9339981,hypsographic,Moliére,Moliere,official,49.420833,-2.659167,GG-000,,
9260385,9340399,hypsographic,"Quaine Rock","Quaine Rock",official,49.463889,-2.526389,GG-000,,
9260163,9340146,settlement,"Les Nouettes","Les Nouettes",official,49.431111,-2.606111,GG-000,,
9260615,9340670,settlement,"Clos du Valle","Clos du Valle",official,49.496667,-2.518056,GG-000,,
9260066,9340035,settlement,"Les Galliennes","Les Galliennes",official,49.431389,-2.651111,GG-000,,
9260182,9340167,settlement,"Le Bordage","Le Bordage",official,49.428611,-2.589444,GG-000,,
9260189,9340174,hypsographic,"Vieux Poulain","Vieux Poulain",official,49.418611,-2.585556,GG-000,,
9260387,9340401,settlement,Longstore,Longstore,official,49.465,-2.536667,GG-000,,
9260343,9340349,hydrographic,"Telegraph Bay","Telegraph Bay",official,49.421389,-2.530278,GG-000,,
9260693,9340760,settlement,"Saint Johns","Saint Johns",official,49.465,-2.54,GG-000,,
9260703,9340771,settlement,"La Colombelle","La Colombelle",official,49.446111,-2.5475,GG-000,,
9260677,9340741,spot,"Marais Farm","Marais Farm",official,49.478889,-2.537778,GG-000,,
9260412,9340428,hypsographic,"Les Jumelles","Les Jumelles",official,49.489444,-2.499444,GG-000,,
9260912,9341122,spot,"Star Fort","Star Fort",official,49.506389,-2.532222,GG-000,,
9260018,9339983,hypsographic,"Les Crêtes","Les Cretes",official,49.423056,-2.656389,GG-000,,
9260679,9340743,settlement,"La Tonelle","La Tonelle",official,49.474167,-2.530556,GG-000,,
9260667,9340729,settlement,"La Grève","La Greve",official,49.493333,-2.533611,GG-000,,
9260660,9340721,settlement,Bailloterie,Bailloterie,official,49.489444,-2.531944,GG-000,,
9260202,9340187,settlement,"Val au Bourg","Val au Bourg",official,49.426111,-2.558056,GG-000,,
9260441,9340465,hypsographic,"Vieille du Nord","Vieille du Nord",official,49.506389,-2.506111,GG-000,,
9260166,9340151,settlement,"Les Bas Courtils","Les Bas Courtils",official,49.439444,-2.601944,GG-000,,
9260620,9340675,settlement,L’Ancresse,L'Ancresse,official,49.498056,-2.526111,GG-000,,
9260959,9341190,settlement,"La Garenne","La Garenne",official,49.494444,-2.54,GG-000,,
9260956,9341187,hydrographic,"Chouet Bay","Chouet Bay",official,49.5025,-2.541667,GG-000,,
9260199,9340184,hypsographic,Trepied,Trepied,official,49.417778,-2.557778,GG-000,,
9260938,9341164,hypsographic,Ninepin,Ninepin,official,49.512222,-2.543333,GG-000,,
9260179,9340164,settlement,"Le Chéne","Le Chene",official,49.432222,-2.585833,GG-000,,
9260047,9340014,hypsographic,"Les Kaines d’Amont","Les Kaines d'Amont",official,49.417222,-2.641389,GG-000,,
9260428,9340450,hypsographic,Homptole,Homptole,variant,49.499167,-2.498333,GG-000,,
9260077,9340047,settlement,"Les Jehans","Les Jehans",official,49.430278,-2.633889,GG-000,,
9260885,9341079,spot,"Jerbourg Castle","Jerbourg Castle",variant,49.424444,-2.536944,GG-000,,
9260628,9340683,settlement,"Les Laudes","Les Laudes",official,49.495833,-2.52,GG-000,,
9260041,9340007,settlement,"Hougue Anthan","Hougue Anthan",official,49.428611,-2.651389,GG-000,,
9260815,9340965,spot,"Sainte Catherine’s Farm","Sainte Catherine's Farm",official,49.469167,-2.551111,GG-000,,
9260042,9340008,settlement,"Les Fontaines","Les Fontaines",official,49.430833,-2.658056,GG-000,,
9260966,9341197,settlement,L’Islet,L'Islet,official,49.487778,-2.545,GG-000,,
9260919,9341135,hypsographic,Surtaut,Surtaut,official,49.511389,-2.541389,GG-000,,
9260812,9340962,settlement,Choisi,Choisi,official,49.455556,-2.548056,GG-000,,
9260046,9340013,hypsographic,"Les Tielles","Les Tielles",official,49.421389,-2.639444,GG-000,,
9260386,9340400,settlement,Salerie,Salerie,official,49.461667,-2.534167,GG-000,,
9260162,9340145,settlement,"Mont Plaisir","Mont Plaisir",official,49.430278,-2.603611,GG-000,,
9260197,9340182,settlement,Icart,Icart,official,49.421944,-2.560833,GG-000,,
9260915,9341127,hydrographic,"Baie de la Jaonneuse","Baie de la Jaonneuse",official,49.5075,-2.534722,GG-000,,
9260382,9340396,hypsographic,"Conger Rock","Conger Rock",official,49.464167,-2.528056,GG-000,,
9260420,9340437,settlement,Cocagne,Cocagne,official,49.492222,-2.508611,GG-000,,
9260352,9340361,hydrographic,"Soldiers’ Bay","Soldiers' Bay",official,49.444167,-2.531111,GG-000,,
9260062,9340031,settlement,"Les Clercs","Les Clercs",official,49.436111,-2.65,GG-000,,
9260980,9341211,settlement,"Grandes Capelles","Grandes Capelles",official,49.479167,-2.5525,GG-000,,
9260416,9340433,hypsographic,Hommet,Hommet,official,49.488056,-2.505,GG-000,,
9260801,9340945,spot,"Sausmarez Manor","Sausmarez Manor",official,49.435556,-2.547222,GG-000,,
9260099,9340070,park,"Le Fond du Val","Le Fond du Val",official,49.420833,-2.604167,GG-000,,
9260803,9340947,settlement,"La Beilleuse","La Beilleuse",official,49.4375,-2.555,GG-000,,
9260011,9339975,hypsographic,"La Genouinne","La Genouinne",official,49.445,-2.6825,GG-000,,
9260414,9340431,hypsographic,Béquets,Bequets,official,49.488611,-2.500556,GG-000,,
9260399,9340414,hypsographic,"Mont Crevett","Mont Crevett",official,49.480278,-2.513056,GG-000,,
9260415,9340432,hypsographic,"Hommet Benes","Hommet Benes",official,49.488889,-2.502778,GG-000,,
9260640,9340696,settlement,"Les Monmains","Les Monmains",official,49.483333,-2.514167,GG-000,,
9260181,9340166,settlement,"Les Houards","Les Houards",official,49.421667,-2.594444,GG-000,,
9260407,9340423,hypsographic,"Southwest Platte","Southwest Platte",official,49.481944,-2.499444,GG-000,,
9260982,9341213,settlement,"Les Capelles","Les Capelles",official,49.48,-2.5575,GG-000,,
9260434,9340457,settlement,Fontenelle,Fontenelle,official,49.501667,-2.515,GG-000,,
9260393,9340407,hypsographic,Vivian,Vivian,official,49.474167,-2.511111,GG-000,,
9260965,9341196,settlement,"Le Picquerel","Le Picquerel",official,49.491389,-2.549444,GG-000,,
9260405,9340421,spot,"Vale Castle","Vale Castle",official,49.485,-2.509167,GG-000,,
9260424,9340444,hypsographic,Homptole,Homptole,variant,49.501389,-2.498889,GG-000,,
9260349,9340358,hypsographic,"Ozanne Steps","Ozanne Steps",official,49.439722,-2.533611,GG-000,,
9260153,9340135,settlement,"Le Landes","Le Landes",official,49.429722,-2.598611,GG-000,,
9260681,9341055,spot,"Ivy Castle","Ivy Castle",variant,49.471667,-2.538333,GG-000,,
9260147,9340128,settlement,"Le Gouffre","Le Gouffre",official,49.421389,-2.595556,GG-000,,
9260669,9340731,settlement,"Ivy Gate","Ivy Gate",official,49.492778,-2.536944,GG-000,,
9260693,9340761,settlement,"St. Johns","St. Johns",variant,49.465,-2.54,GG-000,,
9260149,9340130,settlement,"Les Villets","Les Villets",official,49.424722,-2.596667,GG-000,,
9260012,9339977,hypsographic,"Braye Rocks","Braye Rocks",official,49.443889,-2.6675,GG-000,,
9260419,9340436,hypsographic,"Hommet Paradis","Hommet Paradis",official,49.495,-2.4975,GG-000,,
9260961,9341192,spot,"Les Fouaillages","Les Fouaillages",official,49.496667,-2.538056,GG-000,,
9260811,9340960,settlement,"Ville au Roi","Ville au Roi",official,49.446389,-2.553889,GG-000,,
9260642,9340699,settlement,"Le Tertre","Le Tertre",official,49.488056,-2.5225,GG-000,,
9260178,9340163,settlement,"La Tourgie","La Tourgie",official,49.433056,-2.588611,GG-000,,
9262216,9343068,spot,"Les Blancs Bois","Les Blancs Bois",official,49.472778,-2.575,GG-000,,
9262084,9342880,hypsographic,"Dents d’Herches","Dents d'Herches",official,49.49,-2.594444,GG-000,,
9261993,9342764,hypsographic,"Les Menues Marquies","Les Menues Marquies",official,49.504167,-2.569167,GG-000,,
9262011,9342783,settlement,"Les Dicas","Les Dicas",official,49.494444,-2.555556,GG-000,,
9262091,9342887,spot,"Fort Homme","Fort Homme",official,49.474444,-2.612222,GG-000,,
9262088,9342884,hypsographic,Moulière,Mouliere,official,49.485,-2.615,GG-000,,
9262206,9343054,spot,"La Haye du Puits","La Haye du Puits",official,49.467222,-2.581667,GG-000,,
9262216,9343070,spot,"White Woods","White Woods",variant,49.472778,-2.575,GG-000,,
9261978,9342749,hypsographic,"Blanche Boue","Blanche Boue",official,49.504167,-2.554722,GG-000,,
9261980,9342751,hypsographic,"La Lochante","La Lochante",official,49.505556,-2.550278,GG-000,,
9262199,9343046,settlement,"La Sergentee","La Sergentee",official,49.465833,-2.573889,GG-000,,
9262007,9342778,hypsographic,"Le Noir Houmet","Le Noir Houmet",official,49.494444,-2.577778,GG-000,,
9262016,9342788,settlement,Pulais,Pulais,official,49.495278,-2.568056,GG-000,,
9261984,9342755,hypsographic,"Les Anes","Les Anes",official,49.503056,-2.562222,GG-000,,
9262006,9342777,hypsographic,"La Pêquèrie de L’Ouest","La Pequerie de L'Ouest",official,49.496944,-2.577222,GG-000,,
9262082,9342877,spot,"Grande Rocque Battery","Grande Rocque Battery",official,49.488056,-2.588611,GG-000,,
9262099,9342898,settlement,"Saint Germain","Saint Germain",official,49.4675,-2.595833,GG-000,,
9262020,9342792,settlement,Goubeys,Goubeys,official,49.484167,-2.572778,GG-000,,
9262096,9342895,settlement,Albècq,Albecq,official,49.469444,-2.601667,GG-000,,
9262087,9342883,hypsographic,"Le Mont Devaloir","Le Mont Devaloir",official,49.485556,-2.598056,GG-000,,
9262221,9343074,settlement,"Les Mourains","Les Mourains",official,49.469722,-2.5825,GG-000,,
9261998,9342769,hypsographic,Perron,Perron,official,49.510278,-2.565,GG-000,,
9261977,9342748,hypsographic,"La Platte Jetteuse","La Platte Jetteuse",official,49.5025,-2.553889,GG-000,,
9261961,9342727,hypsographic,"Les Ancreois","Les Ancreois",official,49.501944,-2.554167,GG-000,,
9262005,9342776,hypsographic,"Le Nez","Le Nez",official,49.496111,-2.571944,GG-000,,
9262010,9342782,settlement,"Le Houmet","Le Houmet",official,49.4925,-2.553889,GG-000,,
9261995,9342766,hypsographic,"La Marquie","La Marquie",official,49.501944,-2.569722,GG-000,,
9262009,9342780,hypsographic,"La Vieille de Portinfer","La Vieille de Portinfer",official,49.492778,-2.5825,GG-000,,
9262017,9342789,settlement,"La Passèe","La Passee",official,49.491667,-2.568333,GG-000,,
9262194,9343041,settlement,"Les Annevilles","Les Annevilles",official,49.478889,-2.562222,GG-000,,
9262203,9343050,settlement,Beaucamps,Beaucamps,official,49.462222,-2.580278,GG-000,,
9262200,9343047,settlement,"La Chaumière","La Chaumiere",official,49.457222,-2.573056,GG-000,,
9262089,9342885,hypsographic,"Petit Etat","Petit Etat",official,49.477778,-2.6175,GG-000,,
9262073,9342866,settlement,"Vingtaine de l’Epine","Vingtaine de l'Epine",official,49.479444,-2.571111,GG-000,,
9262211,9343062,settlement,"Mont Plaisant","Mont Plaisant",official,49.4675,-2.589167,GG-000,,
9262012,9342784,settlement,Rousse,Rousse,official,49.496944,-2.555,GG-000,,
9261997,9342768,hypsographic,Quenon,Quenon,official,49.508333,-2.564444,GG-000,,
9262213,9343064,settlement,"La Planque","La Planque",official,49.4675,-2.579167,GG-000,,
9262201,9343048,settlement,"Les Touillets","Les Touillets",official,49.456944,-2.577778,GG-000,,
9261996,9342767,hypsographic,"Roque Noire","Roque Noire",official,49.506667,-2.573333,GG-000,,
9261985,9342756,hypsographic,"The Knife","The Knife",official,49.502222,-2.5625,GG-000,,
9262019,9342791,spot,"Barras Farm","Barras Farm",official,49.485833,-2.5675,GG-000,,
9261983,9342754,hypsographic,"Grand Moulinets","Grand Moulinets",official,49.505556,-2.558056,GG-000,,
9262013,9342785,settlement,"Le Vaugrat","Le Vaugrat",official,49.490556,-2.561111,GG-000,,
9262219,9343072,spot,"Home Farm","Home Farm",official,49.475556,-2.579444,GG-000,,
9262204,9343051,settlement,"Beaucamps de Bas","Beaucamps de Bas",official,49.463889,-2.580833,GG-000,,
9262090,9342886,hypsographic,"Gros Etat","Gros Etat",official,49.476111,-2.614722,GG-000,,
9261994,9342765,hypsographic,"La Pierre à Ballais","La Pierre a Ballais",official,49.503333,-2.565833,GG-000,,
9262085,9342881,hypsographic,"Houmet Jerbe","Houmet Jerbe",official,49.488056,-2.596389,GG-000,,
9262202,9343049,settlement,"Le Preel","Le Preel",official,49.458056,-2.581667,GG-000,,
9262197,9343044,settlement,"Les Varendes","Les Varendes",official,49.461944,-2.566667,GG-000,,
9262086,9342882,hypsographic,"Boue de Saline","Boue de Saline",official,49.4875,-2.597778,GG-000,,
9261989,9342760,hydrographic,"Baie du Pont","Baie du Pont",official,49.499722,-2.561667,GG-000,,
9262080,9342874,hydrographic,"Le Port aux Malades","Le Port aux Malades",official,49.489444,-2.588056,GG-000,,
9262198,9343045,settlement,L’Aumone,L'Aumone,official,49.463333,-2.57,GG-000,,
9262076,9342869,settlement,"Les Rouvets","Les Rouvets",official,49.481944,-2.565278,GG-000,,
9262212,9343063,settlement,"Le Villocq","Le Villocq",official,49.468056,-2.575833,GG-000,,
9262018,9342790,settlement,Pleinheaume,Pleinheaume,official,49.486111,-2.563611,GG-000,,
9262008,9342779,hypsographic,"Le Fougnet","Le Fougnet",official,49.494167,-2.5825,GG-000,,
9261987,9342758,hypsographic,"Petits Moulinets","Petits Moulinets",official,49.504444,-2.559444,GG-000,,
9262078,9342872,settlement,"Mare de Carteret","Mare de Carteret",official,49.481389,-2.581111,GG-000,,
9262015,9342787,hydrographic,"Baie de Pulais","Baie de Pulais",official,49.496389,-2.566944,GG-000,,
9262014,9342786,settlement,"Les Vardes","Les Vardes",official,49.494167,-2.563056,GG-000,,
9262077,9342871,settlement,"Les Genâts","Les Genats",official,49.4775,-2.58,GG-000,,
9262000,9342771,hypsographic,"Boue Corneille","Boue Corneille",official,49.506111,-2.580833,GG-000,,
9262021,9342793,settlement,"Les Maingys","Les Maingys",official,49.483333,-2.57,GG-000,,
9261988,9342759,hypsographic,"Col du Pont","Col du Pont",official,49.502222,-2.5575,GG-000,,
9262098,9342897,spot,"La Grande Mare","La Grande Mare",official,49.465833,-2.6075,GG-000,,
9262195,9343042,settlement,"Camp du Roi","Camp du Roi",official,49.476667,-2.561667,GG-000,,
9261992,9342763,hypsographic,"L’œil de Boeuf","L'oeil de Boeuf",official,49.504722,-2.561667,GG-000,,
9262196,9343043,settlement,"Les Baissieres","Les Baissieres",official,49.466944,-2.563056,GG-000,,
9262099,9342899,settlement,"St. Germain","St. Germain",variant,49.4675,-2.595833,GG-000,,
9261999,9342770,hypsographic,Moulière,Mouliere,official,49.5125,-2.575833,GG-000,,
9261979,9342750,hypsographic,Roque-Rousse,Roque-Rousse,official,49.498611,-2.5525,GG-000,,
9262205,9343052,settlement,"Saint George","Saint George",official,49.465556,-2.589444,GG-000,,
9262205,9343053,settlement,"St. George","St. George",variant,49.465556,-2.589444,GG-000,,
9262003,9342774,hypsographic,"Grand Saut Roquier","Grand Saut Roquier",official,49.500833,-2.590556,GG-000,,
9262001,9342772,hypsographic,L’Etaca,L'Etaca,official,49.503889,-2.586944,GG-000,,
9262002,9342773,hypsographic,"Petit Saut Roquier","Petit Saut Roquier",official,49.502222,-2.586944,GG-000,,
9261990,9342761,hypsographic,"Boue de Port Grat","Boue de Port Grat",official,49.498333,-2.560278,GG-000,,
9262074,9342867,settlement,"Grandes Mielles","Grandes Mielles",official,49.483333,-2.576389,GG-000,,
9262097,9342896,hypsographic,"Lion Rock","Lion Rock",official,49.475278,-2.601667,GG-000,,
9264667,9346350,spot,"Le Déhus","Le Dehus",official,49.496667,-2.508333,GG-000,,
9264582,9346253,vegetation,"Le Huet","Le Huet",official,49.473889,-2.594444,GG-000,,
9264798,9346558,spot,"Sainte Apolline’s Chapel","Sainte Apolline's Chapel",official,49.456944,-2.633333,GG-000,,
9264612,9346286,settlement,"Le Gele","Le Gele",official,49.460556,-2.612778,GG-000,,
9264615,9346289,settlement,Hall,Hall,official,49.458889,-2.611389,GG-000,,
9264716,9346409,spot,"Le Trepièd","Le Trepied",official,49.46,-2.641944,GG-000,,
9264820,9346587,settlement,"St. Andrew","St. Andrew",variant,49.443889,-2.578889,GG-000,,
9264737,9346443,hypsographic,"Chapelle Dom Hue","Chapelle Dom Hue",variant,49.463333,-2.6475,GG-000,,
9264639,9346316,settlement,"Les Buttes","Les Buttes",official,49.444167,-2.611667,GG-000,,
9264771,9346515,settlement,"Les Buttes","Les Buttes",official,49.435278,-2.626944,GG-000,,
9264699,9346387,spot,"Fort Saumarez","Fort Saumarez",official,49.4575,-2.655833,GG-000,,
9264761,9346490,hypsographic,"Le Perron","Le Perron",official,49.471389,-2.623889,GG-000,,
9264791,9346547,spot,"Hurel Farm","Hurel Farm",official,49.454167,-2.629444,GG-000,,
9264833,9346602,settlement,"Les Hurlaux","Les Hurlaux",official,49.443889,-2.561944,GG-000,,
9264657,9346339,settlement,"Les Padins","Les Padins",official,49.4475,-2.624167,GG-000,,
9264842,9346614,spot,"Foulon Cemetery","Foulon Cemetery",official,49.455833,-2.558611,GG-000,,
9264816,9346582,settlement,Fauxquets,Fauxquets,official,49.449167,-2.5925,GG-000,,
9264777,9346525,settlement,"Les Arquets","Les Arquets",official,49.4425,-2.643333,GG-000,,
9264776,9346522,settlement,"Le Douit","Le Douit",official,49.443889,-2.640556,GG-000,,
9264781,9346531,settlement,"La Houguette","La Houguette",official,49.45,-2.639167,GG-000,,
9264830,9346598,spot,"Les Câches","Les Caches",official,49.437778,-2.5625,GG-000,,
9264653,9346335,settlement,"Les Brehauts","Les Brehauts",official,49.435556,-2.621667,GG-000,,
9264774,9346518,settlement,"La Hougue Falle","La Hougue Falle",official,49.436389,-2.633889,GG-000,,
9264756,9346478,settlement,Perelle,Perelle,official,49.458056,-2.635833,GG-000,,
9264656,9346338,settlement,"Les Clos Landais","Les Clos Landais",official,49.4475,-2.630556,GG-000,,
9264764,9346493,settlement,"Le Marais","Le Marais",official,49.46,-2.622222,GG-000,,
9264840,9346611,spot,"Castel Hospital","Castel Hospital",official,49.4625,-2.575833,GG-000,,
9264652,9346334,settlement,"Sous l’Eglise","Sous l'Eglise",official,49.444167,-2.616667,GG-000,,
9264766,9346495,hydrographic,"Saint Saviour Reservoir","Saint Saviour Reservoir",official,49.452778,-2.621667,GG-000,,
9264655,9346337,settlement,L’Eclet,L'Eclet,official,49.442778,-2.631944,GG-000,,
9264818,9346584,settlement,Camptréhard,Camptrehard,official,49.448889,-2.58,GG-000,,
9264741,9346447,settlement,"Le Catioroc","Le Catioroc",official,49.457778,-2.641111,GG-000,,
9264762,9346491,hypsographic,"Les Fourquies","Les Fourquies",official,49.474722,-2.6275,GG-000,,
9264727,9346429,spot,"L’Erée Hotel","L'Eree Hotel",official,49.453889,-2.651667,GG-000,,
9264779,9346527,settlement,"La Saline","La Saline",official,49.446389,-2.648611,GG-000,,
9264826,9346593,settlement,"Les Pages","Les Pages",official,49.4325,-2.571944,GG-000,,
9264602,9346274,hypsographic,Albècq,Albecq,official,49.474167,-2.604722,GG-000,,
9264784,9346537,settlement,"Les Paysans","Les Paysans",official,49.446111,-2.635833,GG-000,,
9264836,9346605,settlement,"La Monnaie","La Monnaie",official,49.452778,-2.571667,GG-000,,
9264669,9346353,spot,"La Varde","La Varde",official,49.501944,-2.536944,GG-000,,
9264728,9346430,settlement,"Rocque Poisson","Rocque Poisson",official,49.450833,-2.649722,GG-000,,
9264611,9346285,settlement,Vazon,Vazon,official,49.462778,-2.6125,GG-000,,
9264827,9346595,settlement,Hatnez,Hatnez,official,49.434167,-2.578611,GG-000,,
9264737,9346442,hypsographic,"La Capelle","La Capelle",official,49.463333,-2.6475,GG-000,,
9264736,9346440,settlement,"La Rocque","La Rocque",official,49.459722,-2.646389,GG-000,,
9264793,9346549,settlement,Girouette,Girouette,official,49.454444,-2.633611,GG-000,,
9264815,9346581,settlement,"Les Jaonnets","Les Jaonnets",official,49.448889,-2.596667,GG-000,,
9264620,9346295,settlement,"Neuf Chemin","Neuf Chemin",official,49.448889,-2.615278,GG-000,,
9264666,9346348,hypsographic,"La Longue Rocque","La Longue Rocque",official,49.443333,-2.636944,GG-000,,
9264616,9346290,settlement,"Mont Saint","Mont Saint",official,49.456944,-2.623611,GG-000,,
9264820,9346586,settlement,"Saint Andrew","Saint Andrew",official,49.443889,-2.578889,GG-000,,
9264770,9346511,settlement,"Le Pont","Le Pont",official,49.433333,-2.626389,GG-000,,
9264673,9346364,spot,"Creux ès Fees","Creux es Fees",variant,49.455278,-2.654722,GG-000,,
9264769,9346510,settlement,"Les Martins","Les Martins",official,49.429722,-2.626667,GG-000,,
9264618,9346292,settlement,"Les Lohiers","Les Lohiers",official,49.448889,-2.610833,GG-000,,
9264735,9346439,settlement,"Les Adams","Les Adams",official,49.453611,-2.646111,GG-000,,
9264798,9346559,spot,"St. Apolline’s Chapel","St. Apolline's Chapel",variant,49.456944,-2.633333,GG-000,,
9264796,9346553,settlement,"Saint Saviour","Saint Saviour",official,49.456944,-2.635833,GG-000,,
9264766,9346496,hydrographic,"St. Saviour Reservoir","St. Saviour Reservoir",variant,49.452778,-2.621667,GG-000,,
9264837,9346606,spot,"Statue Menhir","Statue Menhir",official,49.458611,-2.573056,GG-000,,
9264785,9346538,settlement,"Frie Baton","Frie Baton",official,49.451389,-2.630278,GG-000,,
9264875,9346653,settlement,Woodlands,Woodlands,official,49.457778,-2.5875,GG-000,,
9264617,9346291,spot,"Les Choffins Farm","Les Choffins Farm",official,49.452222,-2.612222,GG-000,,
9264829,9346597,settlement,Mouilpied,Mouilpied,official,49.436667,-2.568056,GG-000,,
9264834,9346603,spot,"Les Galliennes Chapel","Les Galliennes Chapel",official,49.450278,-2.573611,GG-000,,
9264753,9346474,spot,Menhirs,Menhirs,official,49.466667,-2.628889,GG-000,,
9264804,9346570,settlement,Groignêt,Groignet,official,49.456667,-2.595556,GG-000,,
9264832,9346601,settlement,Carmel,Carmel,official,49.44,-2.559722,GG-000,,
9264666,9346349,hypsographic,"Longue Rocque","Longue Rocque",variant,49.443333,-2.636944,GG-000,,
9264685,9346371,settlement,L’Erée,L'Eree,official,49.454167,-2.651667,GG-000,,
9264759,9346485,spot,"Fort Le Crocq","Fort Le Crocq",official,49.466389,-2.626944,GG-000,,
9264579,9346249,settlement,"Blanches Rocques","Blanches Rocques",official,49.469167,-2.591111,GG-000,,
9264731,9346433,settlement,"Les Marais","Les Marais",official,49.450833,-2.646111,GG-000,,
9264732,9346434,settlement,"Claire Mare","Claire Mare",official,49.456111,-2.646111,GG-000,,
9264580,9346251,settlement,"Le Tertre","Le Tertre",official,49.468889,-2.593889,GG-000,,
9264796,9346555,settlement,"St. Saviour","St. Saviour",variant,49.456944,-2.635833,GG-000,,
9264821,9346588,settlement,"Les Gouies","Les Gouies",official,49.441667,-2.575556,GG-000,,
9264751,9346472,settlement,Richmond,Richmond,official,49.462222,-2.628056,GG-000,,
9264819,9346585,settlement,"Les Niaux","Les Niaux",official,49.451111,-2.581944,GG-000,,
9264824,9346591,spot,"Les Eperons","Les Eperons",official,49.440556,-2.578333,GG-000,,
9264740,9346446,hypsographic,"Beacon Staff","Beacon Staff",official,49.464722,-2.64,GG-000,,
9264780,9346529,settlement,"Le Câtillion","Le Catillion",official,49.441667,-2.65,GG-000,,
9264743,9346449,hypsographic,"Le Jaune Pont","Le Jaune Pont",official,49.470556,-2.635833,GG-000,,
9264658,9346340,settlement,"Les Vinaires","Les Vinaires",official,49.441111,-2.634722,GG-000,,
9264807,9346573,spot,"Moulin de Haut","Moulin de Haut",official,49.454722,-2.596389,GG-000,,
9264744,9346450,hypsographic,"Gros Pont","Gros Pont",official,49.468333,-2.634722,GG-000,,
9264654,9346336,settlement,"Les Islets","Les Islets",official,49.44,-2.628333,GG-000,,
9264750,9346470,spot,"Fort Richmond","Fort Richmond",official,49.463889,-2.630278,GG-000,,
9264805,9346571,settlement,"La Porte","La Porte",official,49.459444,-2.597222,GG-000,,
9264626,9346302,spot,"Les Caches","Les Caches",official,49.448889,-2.605833,GG-000,,
9264778,9346526,settlement,"La Pomare","La Pomare",official,49.447222,-2.644722,GG-000,,
9264843,9346615,settlement,"Le Foulon","Le Foulon",official,49.458889,-2.557222,GG-000,,
9264772,9346516,settlement,"Les Reveaux","Les Reveaux",official,49.438333,-2.631667,GG-000,,
9264814,9346580,settlement,"Les Grantez","Les Grantez",official,49.451667,-2.598333,GG-000,,
9264673,9346357,spot,"Le Creux és Faies","Le Creux es Faies",official,49.455278,-2.654722,GG-000,,
9264600,9346272,hypsographic,"Château d’Albècq","Chateau d'Albecq",official,49.475833,-2.606944,GG-000,,
9264823,9346590,settlement,"Four Cabot","Four Cabot",official,49.445833,-2.573889,GG-000,,
9264828,9346596,settlement,"La Villette","La Villette",official,49.431389,-2.568333,GG-000,,
9264578,9346248,settlement,Côbo,Cobo,official,49.472778,-2.591944,GG-000,,
9266686,9348894,hypsographic,"La Grande Folie","La Grande Folie",official,49.724722,-2.163889,GG-000,,
9267661,9350024,spot,"Saint Anne’s Church","Saint Anne's Church",official,49.715278,-2.205,GG-000,,
9266329,9348495,spot,"Gulls Chapel","Gulls Chapel",official,49.437222,-2.350278,GG-000,,
9266289,9348455,hydrographic,"Pot Bay","Pot Bay",official,49.413611,-2.3675,GG-000,,
9265873,9347973,spot,"Clos Princess","Clos Princess",official,49.436111,-2.36,GG-000,,
9265886,9347988,hydrographic,"Port és Saies","Port es Saies",official,49.424167,-2.369722,GG-000,,
9266083,9348206,hypsographic,"Petite Baveuse","Petite Baveuse",official,49.41,-2.384444,GG-000,,
9265869,9347967,spot,"Stocks Island Hotel","Stocks Island Hotel",official,49.428333,-2.360833,GG-000,,
9266084,9348207,hydrographic,"Rouge Câne","Rouge Cane",official,49.411667,-2.381111,GG-000,,
9266341,9348507,settlement,"La Seigneurie","La Seigneurie",official,49.437778,-2.3625,GG-000,,
9265789,9347869,hydrographic,"Port à la Jument","Port a la Jument",official,49.435278,-2.371944,GG-000,,
9266343,9348509,hydrographic,"Boue de Grune Gouliot","Boue de Grune Gouliot",official,49.435556,-2.381944,GG-000,,
9265620,9347659,spot,Eperquerie,Eperquerie,official,49.447222,-2.364167,GG-000,,
9266076,9348199,hypsographic,"Moie de Port Gorey","Moie de Port Gorey",official,49.407222,-2.380556,GG-000,,
9266565,9348758,hypsographic,"Roselle Point","Roselle Point",official,49.727222,-2.188333,GG-000,,
9266260,9348425,hypsographic,"Pierre Norman","Pierre Norman",official,49.428056,-2.380278,GG-000,,
9267245,9349545,park,Vouême,Voueme,official,49.708611,-2.198056,GG-000,,
9267329,9349636,park,"La Petite Blaye","La Petite Blaye",official,49.713611,-2.213611,GG-000,,
9265866,9347960,spot,"Hotel Petit Champs","Hotel Petit Champs",variant,49.432222,-2.368889,GG-000,,
9265768,9347845,hydrographic,"La Saignee","La Saignee",variant,49.441667,-2.367222,GG-000,,
9265787,9347867,hypsographic,"Platte Rock","Platte Rock",official,49.439444,-2.371389,GG-000,,
9267364,9349671,hypsographic,"Vallée des Trois Vaux","Vallee des Trois Vaux",official,49.705556,-2.230556,GG-000,,
9266081,9348204,hydrographic,"Les Têtes de la Conchée","Les Tetes de la Conchee",official,49.409722,-2.344444,GG-000,,
9267248,9349549,park,Vaindsaire,Vaindsaire,official,49.711944,-2.196944,GG-000,,
9265870,9347968,spot,"Aval du Creux","Aval du Creux",variant,49.432222,-2.351667,GG-000,,
9265837,9347921,spot,"Clos de Menage","Clos de Menage",official,49.436389,-2.355,GG-000,,
9267264,9349565,park,"Clos Carré","Clos Carre",official,49.716389,-2.206389,GG-000,,
9267352,9349659,park,"Le Bigard","Le Bigard",official,49.709167,-2.219722,GG-000,,
9265766,9347839,hypsographic,Guillaumesse,Guillaumesse,official,49.445278,-2.369167,GG-000,,
9265802,9347884,settlement,"Le Grand Fort","Le Grand Fort",official,49.441389,-2.359167,GG-000,,
9267349,9349656,park,Rocquettes,Rocquettes,official,49.708333,-2.218056,GG-000,,
9265795,9347876,spot,Banquette,Banquette,official,49.441944,-2.353889,GG-000,,
9267219,9349515,settlement,Butes,Butes,official,49.7175,-2.2025,GG-000,,
9266603,9348802,hydrographic,"Mannez Pond","Mannez Pond",official,49.726667,-2.164444,GG-000,,
9266563,9348756,spot,"Alderney Breakwater","Alderney Breakwater",official,49.728056,-2.199167,GG-000,,
9267359,9349666,park,"Les Couriaux","Les Couriaux",official,49.702778,-2.214444,GG-000,,
9266595,9348793,hypsographic,"Corblets Point","Corblets Point",official,49.730278,-2.169722,GG-000,,
9265890,9347992,hypsographic,"Moie Fano","Moie Fano",official,49.417222,-2.366111,GG-000,,
9267333,9349640,park,"Sur la Ville","Sur la Ville",official,49.709444,-2.208611,GG-000,,
9265841,9347925,spot,"La Marguerite","La Marguerite",official,49.432778,-2.353333,GG-000,,
9267254,9349555,park,"La Basse Corvée","La Basse Corvee",official,49.713056,-2.193056,GG-000,,
9267209,9349505,hypsographic,"Noire Rogue","Noire Rogue",official,49.701944,-2.198611,GG-000,,
9267330,9349637,park,"Le Genet","Le Genet",official,49.712778,-2.213056,GG-000,,
9266299,9348465,settlement,"Le Clos Bourel","Le Clos Bourel",official,49.424722,-2.363056,GG-000,,
9267350,9349657,park,"Clos des Cables","Clos des Cables",official,49.708056,-2.222778,GG-000,,
9266321,9348487,settlement,"La Collinette","La Collinette",official,49.431667,-2.353333,GG-000,,
9266340,9348506,settlement,"La Vaurocque","La Vaurocque",official,49.430833,-2.365,GG-000,,
9266593,9348791,spot,"Berry’s Quarry","Berry's Quarry",official,49.726667,-2.170833,GG-000,,
9265867,9347963,spot,"Hotel Le Grand Beauregard","Hotel Le Grand Beauregard",official,49.429722,-2.368889,GG-000,,
9266336,9348502,hydrographic,Pegâne,Pegane,official,49.437222,-2.370833,GG-000,,
9265785,9347865,hydrographic,"Port du Moulin","Port du Moulin",official,49.438611,-2.37,GG-000,,
9265732,9347794,hypsographic,Congrière,Congriere,official,49.448889,-2.365278,GG-000,,
9265885,9347987,spot,"Stable Cottage","Stable Cottage",official,49.437778,-2.356111,GG-000,,
9265718,9347777,spot,Boutiques,Boutiques,official,49.448056,-2.366944,GG-000,,
9265883,9347985,spot,"Petit Plaisance","Petit Plaisance",official,49.423056,-2.365278,GG-000,,
9265876,9347978,spot,"Notre Desir","Notre Desir",official,49.434722,-2.349167,GG-000,,
9266306,9348472,hypsographic,"Noir Bais","Noir Bais",official,49.421944,-2.360278,GG-000,,
9265870,9347969,spot,"Aval du Creux Hotel","Aval du Creux Hotel",official,49.432222,-2.351667,GG-000,,
9267332,9349639,hydrographic,"Fosse aux Chevaliers","Fosse aux Chevaliers",official,49.714444,-2.214722,GG-000,,
9266294,9348460,settlement,"La Donnellerie","La Donnellerie",official,49.413333,-2.376111,GG-000,,
9265878,9347980,spot,"The Dower Cottage","The Dower Cottage",official,49.433333,-2.369444,GG-000,,
9265762,9347834,hypsographic,"Les Sept Moies","Les Sept Moies",official,49.444722,-2.367778,GG-000,,
9266588,9348785,spot,"Saye Farm","Saye Farm",official,49.728333,-2.176389,GG-000,,
9265889,9347991,hydrographic,"Vermandaye Bay","Vermandaye Bay",official,49.418889,-2.374722,GG-000,,
9267366,9349674,park,"Courtil Quartier","Courtil Quartier",official,49.714722,-2.218889,GG-000,,
9266608,9348807,park,"Mannez Garenne","Mannez Garenne",official,49.725,-2.170556,GG-000,,
9265786,9347866,hypsographic,Tintageu,Tintageu,official,49.438056,-2.370833,GG-000,,
9267663,9350027,spot,"Fort Clonque","Fort Clonque",official,49.713611,-2.2325,GG-000,,
9267342,9349649,park,"La Grande Blaye","La Grande Blaye",official,49.706389,-2.214722,GG-000,,
9266088,9348211,hypsographic,"Adonis Headland","Adonis Headland",official,49.4125,-2.382222,GG-000,,
9267211,9349507,hypsographic,"Les Becquets","Les Becquets",official,49.709167,-2.1875,GG-000,,
9267365,9349673,park,Giffoine,Giffoine,official,49.709444,-2.226944,GG-000,,
9266328,9348494,spot,"Les Abîmes","Les Abimes",official,49.4375,-2.348611,GG-000,,
9265881,9347983,spot,"La Valette","La Valette",official,49.435,-2.348611,GG-000,,
9266635,9348834,spot,"Fort Les Homeaux Florains","Fort Les Homeaux Florains",official,49.731111,-2.161944,GG-000,,
9266609,9348808,spot,"Mannez Lighthouse","Mannez Lighthouse",official,49.729167,-2.164167,GG-000,,
9266332,9348498,hydrographic,"Le Grand Creux","Le Grand Creux",official,49.444167,-2.3575,GG-000,,
9266257,9348422,hypsographic,"Gouliot Headland","Gouliot Headland",official,49.431389,-2.378333,GG-000,,
9266590,9348788,park,"Longis Common","Longis Common",official,49.723333,-2.175556,GG-000,,
9265880,9347982,spot,"La Carrière","La Carriere",official,49.426111,-2.365278,GG-000,,
9266323,9348489,hypsographic,"Derrible Headland","Derrible Headland",official,49.424167,-2.347778,GG-000,,
9265879,9347981,spot,L’Ecluse,L'Ecluse,official,49.438333,-2.365556,GG-000,,
9267206,9349501,hydrographic,"Telegraph Bay","Telegraph Bay",official,49.701944,-2.226111,GG-000,,
9267368,9349676,park,"Clos Est Mougues","Clos Est Mougues",official,49.7175,-2.218056,GG-000,,
9267221,9349519,spot,"Essex Castle","Essex Castle",official,49.7175,-2.175556,GG-000,,
9267340,9349647,park,"Platte Cotil","Platte Cotil",official,49.705833,-2.209444,GG-000,,
9266090,9348213,hypsographic,"La Baveuse","La Baveuse",official,49.417778,-2.383056,GG-000,,
9267256,9349557,park,"Les Rochers","Les Rochers",official,49.716944,-2.19,GG-000,,
9265872,9347972,spot,"Beau Sejour","Beau Sejour",official,49.435833,-2.359444,GG-000,,
9266689,9348898,hypsographic,"La Retrieve","La Retrieve",official,49.724444,-2.161667,GG-000,,
9266651,9348851,hydrographic,"Saint Esquere Bay","Saint Esquere Bay",official,49.726944,-2.158056,GG-000,,
9266566,9348759,spot,"Fort Albert","Fort Albert",official,49.726389,-2.183889,GG-000,,
9265803,9347885,settlement,"La Tour","La Tour",official,49.441667,-2.359722,GG-000,,
9267210,9349506,spot,"Cachalière Pier","Cachaliere Pier",official,49.706389,-2.194444,GG-000,,
9267263,9349564,park,Ladysmith,Ladysmith,official,49.717222,-2.209722,GG-000,,
9265869,9347966,spot,"Stocks Hotel","Stocks Hotel",variant,49.428333,-2.360833,GG-000,,
9267247,9349548,park,"Le Champ Grui","Le Champ Grui",official,49.711389,-2.2,GG-000,,
9267258,9349559,park,"Cotil du Val","Cotil du Val",official,49.717222,-2.198056,GG-000,,
9266322,9348488,hydrographic,"Petit Derrible Bay","Petit Derrible Bay",official,49.425278,-2.346667,GG-000,,
9267204,9349499,hypsographic,"Grosse Rock","Grosse Rock",official,49.723333,-2.223611,GG-000,,
9266324,9348490,hypsographic,"Les Lâches","Les Laches",official,49.428056,-2.343611,GG-000,,
9266597,9348795,spot,"Fort Corblets","Fort Corblets",official,49.728889,-2.170556,GG-000,,
9266688,9348897,spot,"Fort Quesnard","Fort Quesnard",official,49.729167,-2.16,GG-000,,
9266301,9348467,settlement,"Le Dos d’Âne","Le Dos d'Ane",official,49.425833,-2.365833,GG-000,,
9265888,9347990,hypsographic,"La Pointe de la Joue","La Pointe de la Joue",official,49.42,-2.373611,GG-000,,
9265846,9347932,spot,"Le Petit Beauregard","Le Petit Beauregard",official,49.430833,-2.369167,GG-000,,
9267334,9349641,hydrographic,"Fosse Hervé","Fosse Herve",official,49.708611,-2.206944,GG-000,,
9266337,9348503,hypsographic,"Prise de Bercevil","Prise de Bercevil",official,49.436111,-2.370278,GG-000,,
9266330,9348496,hypsographic,"Noire Pierre","Noire Pierre",official,49.444444,-2.348611,GG-000,,
9267354,9349661,park,Langevin,Langevin,official,49.7125,-2.216389,GG-000,,
9267262,9349563,spot,"Fort Doyle","Fort Doyle",official,49.721667,-2.207778,GG-000,,
9267328,9349635,park,"Vue de la Saline","Vue de la Saline",official,49.715278,-2.212222,GG-000,,
9266069,9348192,hypsographic,"The Pot","The Pot",official,49.413889,-2.369167,GG-000,,
9266685,9348892,hypsographic,"La Petite Folie","La Petite Folie",official,49.726667,-2.160833,GG-000,,
9266259,9348424,hypsographic,"Moie du Mouton","Moie du Mouton",official,49.434444,-2.373889,GG-000,,
9265833,9347977,spot,"Maison Pommier Lodge","Maison Pommier Lodge",official,49.441389,-2.358611,GG-000,,
9266309,9348475,hypsographic,Hogsback,Hogsback,official,49.424167,-2.354722,GG-000,,
9267250,9349551,park,"Le Callier","Le Callier",official,49.710556,-2.201667,GG-000,,
9267218,9349514,settlement,Newtown,Newtown,official,49.719167,-2.199722,GG-000,,
9267362,9349669,hypsographic,"La Hougette de la Taillie","La Hougette de la Taillie",official,49.705,-2.224722,GG-000,,
9265874,9347975,spot,"Clos des Camps","Clos des Camps",variant,49.439444,-2.361389,GG-000,,
9267251,9349552,park,"La Corvée","La Corvee",official,49.713056,-2.199167,GG-000,,
9266072,9348195,hypsographic,Sercul,Sercul,official,49.405278,-2.381111,GG-000,,
9267239,9349539,park,Haize,Haize,official,49.714722,-2.185278,GG-000,,
9266331,9348497,hypsographic,"Petite Moie","Petite Moie",official,49.442222,-2.343333,GG-000,,
9267331,9349638,park,"La Bonne Terre","La Bonne Terre",official,49.715,-2.215556,GG-000,,
9266327,9348493,hypsographic,"Grande Moie","Grande Moie",official,49.437778,-2.3425,GG-000,,
9266333,9348499,spot,"Creux Belet","Creux Belet",official,49.444722,-2.360278,GG-000,,
9267207,9349502,hypsographic,"La Nache","La Nache",official,49.700278,-2.221389,GG-000,,
9267233,9349532,spot,"Mount Hale Battery","Mount Hale Battery",official,49.723333,-2.185,GG-000,,
9267265,9349566,spot,"Valley Gardens","Valley Gardens",official,49.715833,-2.205833,GG-000,,
9266298,9348464,hypsographic,Balmée,Balmee,official,49.412778,-2.359444,GG-000,,
9267358,9349665,park,L’Emauve,L'Emauve,official,49.705556,-2.214444,GG-000,,
9266086,9348209,hydrographic,"Adonis Pool","Adonis Pool",official,49.4125,-2.382778,GG-000,,
9265833,9347917,spot,"Maison Pommier","Maison Pommier",variant,49.441389,-2.358611,GG-000,,
9267238,9349538,hypsographic,"La Roche Pendante","La Roche Pendante",official,49.714722,-2.175833,GG-000,,
9265851,9347938,hydrographic,"Venus Pool","Venus Pool",official,49.408056,-2.373333,GG-000,,
9267376,9349684,hypsographic,"Mount Hale","Mount Hale",official,49.723333,-2.184722,GG-000,,
9266085,9348208,hypsographic,"Moie de la Bretagne","Moie de la Bretagne",official,49.4125,-2.384722,GG-000,,
9266087,9348210,hydrographic,"Les Fontaines","Les Fontaines",official,49.414722,-2.381944,GG-000,,
9267242,9349542,park,"Fosse Bassé","Fosse Basse",official,49.712222,-2.192778,GG-000,,
9265853,9347940,settlement,Duval,Duval,official,49.413889,-2.377222,GG-000,,
9266297,9348463,hypsographic,Baleine,Baleine,official,49.415278,-2.361667,GG-000,,
9267257,9349558,spot,"Verdun Farm","Verdun Farm",official,49.713889,-2.197778,GG-000,,
9267244,9349544,park,Quoire,Quoire,official,49.709722,-2.190833,GG-000,,
9266335,9348501,hypsographic,Pécheresse,Pecheresse,official,49.450278,-2.361667,GG-000,,
9265797,9347878,hypsographic,Huitriere,Huitriere,official,49.445,-2.354444,GG-000,,
9265875,9347976,spot,"Petit Coin","Petit Coin",official,49.442222,-2.357778,GG-000,,
9266592,9348790,hydrographic,"La Mare du Roe","La Mare du Roe",official,49.723611,-2.173611,GG-000,,
9266317,9348483,spot,"Creux du Derrible","Creux du Derrible",official,49.426111,-2.351667,GG-000,,
9267337,9349644,park,"La Vielle Terre","La Vielle Terre",official,49.708333,-2.205,GG-000,,
9267367,9349675,hypsographic,"Val de la Bonne Terre","Val de la Bonne Terre",official,49.715278,-2.216667,GG-000,,
9265805,9347887,settlement,"La Génétière","La Genetiere",official,49.439444,-2.3575,GG-000,,
9267231,9349530,park,"Les Huguettes","Les Huguettes",official,49.720556,-2.181389,GG-000,,
9266325,9348491,hydrographic,"La Conchée","La Conchee",official,49.419167,-2.34,GG-000,,
9267260,9349561,park,Valongis,Valongis,official,49.715833,-2.194167,GG-000,,
9265852,9347939,hypsographic,"Pierre du Cours","Pierre du Cours",official,49.406389,-2.370278,GG-000,,
9265801,9347883,settlement,"Le Fort","Le Fort",official,49.442222,-2.358333,GG-000,,
9266089,9348212,hypsographic,"Moie de la Fontaine","Moie de la Fontaine",official,49.415556,-2.382778,GG-000,,
9265770,9347847,hypsographic,"Les Autelets","Les Autelets",official,49.440833,-2.369167,GG-000,,
9267326,9349633,spot,"Fort Tourgis","Fort Tourgis",official,49.718889,-2.219167,GG-000,,
9267363,9349670,park,"Tete de Judemarre","Tete de Judemarre",official,49.703333,-2.229722,GG-000,,
9266637,9348836,hydrographic,"Cats Bay","Cats Bay",official,49.730278,-2.161111,GG-000,,
9267237,9349536,hypsographic,"Essex Hill","Essex Hill",official,49.715833,-2.178611,GG-000,,
9266303,9348469,hydrographic,"Baleine Bay","Baleine Bay",official,49.418056,-2.3575,GG-000,,
9266586,9348780,spot,"Château à L’Etoc","Chateau a L'Etoc",official,49.731667,-2.1775,GG-000,,
9266342,9348508,hypsographic,"Pierre des Burons","Pierre des Burons",official,49.428333,-2.339167,GG-000,,
9265871,9347970,spot,"La Sablonnerie","La Sablonnerie",variant,49.414167,-2.375556,GG-000,,
9267661,9350029,spot,"St. Anne’s Church","St. Anne's Church",variant,49.715278,-2.205,GG-000,,
9267356,9349663,park,L’Aie,L'Aie,official,49.709722,-2.213611,GG-000,,
9267241,9349541,park,Cachalière,Cachaliere,official,49.707778,-2.195278,GG-000,,
9266690,9348899,hypsographic,"Brinchetais Rocks","Brinchetais Rocks",official,49.724167,-2.155556,GG-000,,
9267205,9349500,hydrographic,"Trois Vaux Bay","Trois Vaux Bay",official,49.705,-2.232778,GG-000,,
9267355,9349662,park,"Les Coutûres","Les Coutures",official,49.711111,-2.215278,GG-000,,
9266326,9348492,hydrographic,"La Maseline","La Maseline",official,49.433333,-2.344167,GG-000,,
9266077,9348200,hypsographic,"La Louge","La Louge",official,49.408611,-2.377778,GG-000,,
9265620,9347658,spot,L’Eperquerie,L'Eperquerie,variant,49.447222,-2.364167,GG-000,,
9267240,9349540,park,Cognons,Cognons,official,49.711944,-2.1875,GG-000,,
9265857,9347945,spot,"Rouge Terrier","Rouge Terrier",official,49.411111,-2.368889,GG-000,,
9265866,9347962,spot,"Hotel Petit Champ","Hotel Petit Champ",official,49.432222,-2.368889,GG-000,,
9265868,9347964,spot,"Dixcart Hotel","Dixcart Hotel",variant,49.427778,-2.36,GG-000,,
9266339,9348505,hypsographic,"Les Dents","Les Dents",official,49.426389,-2.395,GG-000,,
9266586,9348781,spot,"Chateau L’Etocq","Chateau L'Etocq",variant,49.731667,-2.1775,GG-000,,
9266609,9348891,spot,"Lighthouse of Alderney","Lighthouse of Alderney",variant,49.729167,-2.164167,GG-000,,
9266308,9348474,hypsographic,"Point Château","Point Chateau",official,49.4225,-2.355556,GG-000,,
9266320,9348486,settlement,"La Forge","La Forge",official,49.429167,-2.350833,GG-000,,
9267255,9349556,spot,"Longis House","Longis House",official,49.715556,-2.188889,GG-000,,
9267261,9349562,park,"Val Longis","Val Longis",official,49.7175,-2.195278,GG-000,,
9266334,9348500,hydrographic,"Les Fontaines","Les Fontaines",official,49.445556,-2.361389,GG-000,,
9266258,9348423,hypsographic,"Saut à Juan","Saut a Juan",official,49.432778,-2.376389,GG-000,,
9267361,9349668,hypsographic,"Vallée des Gaudulons","Vallee des Gaudulons",official,49.703333,-2.220278,GG-000,,
9266070,9348193,hypsographic,"Bretagne Uset","Bretagne Uset",official,49.405833,-2.378611,GG-000,,
9267324,9349631,spot,"Fort Platte Saline","Fort Platte Saline",official,49.720556,-2.212778,GG-000,,
9267343,9349650,park,"Sur la Hogue","Sur la Hogue",official,49.708333,-2.213056,GG-000,,
9267338,9349645,park,"Vau Renier","Vau Renier",official,49.705833,-2.211667,GG-000,,
9267360,9349667,hypsographic,"Val L’Emauve","Val L'Emauve",official,49.702778,-2.2175,GG-000,,
9265887,9347989,hypsographic,"Moie des Orgeries","Moie des Orgeries",official,49.425278,-2.373333,GG-000,,
9265884,9347986,spot,"Port es Saies","Port es Saies",official,49.426944,-2.365,GG-000,,
9266596,9348794,hydrographic,"Veaux Trembliers Bay","Veaux Trembliers Bay",official,49.73,-2.168333,GG-000,,
9267215,9349511,hydrographic,"Crabby Bay","Crabby Bay",official,49.7225,-2.205833,GG-000,,
9267202,9349497,hypsographic,"Platte Saline","Platte Saline",official,49.721111,-2.2125,GG-000,,
9267234,9349533,spot,"Essex House","Essex House",official,49.716944,-2.183889,GG-000,,
9266074,9348197,hypsographic,"Moie à Charbon","Moie a Charbon",official,49.408056,-2.378056,GG-000,,
9265868,9347965,spot,"Dixcart Bay Hotel","Dixcart Bay Hotel",official,49.427778,-2.36,GG-000,,
9267220,9349518,spot,"Château de Longis","Chateau de Longis",official,49.720833,-2.175833,GG-000,,
9267216,9349512,settlement,Crabby,Crabby,official,49.720833,-2.204444,GG-000,,
9267353,9349660,spot,"Rose Farm","Rose Farm",official,49.710556,-2.217222,GG-000,,
9266569,9348762,hydrographic,"Saye Bay","Saye Bay",official,49.730833,-2.181111,GG-000,,
9267369,9349677,spot,"Druid’s Altar","Druid's Altar",official,49.716667,-2.218889,GG-000,,
9266263,9348428,hypsographic,"Moie du Gouliot","Moie du Gouliot",official,49.431111,-2.379444,GG-000,,
9265871,9347971,spot,"La Sablonnerie Hotel","La Sablonnerie Hotel",official,49.414167,-2.375556,GG-000,,
9267335,9349642,park,"Courtil Liage","Courtil Liage",official,49.710833,-2.204444,GG-000,,
9265621,9347660,hypsographic,"La Grune","La Grune",official,49.45,-2.367778,GG-000,,
9267664,9350030,spot,"Telegraph Tower","Telegraph Tower",official,49.703889,-2.220833,GG-000,,
9265749,9347818,hypsographic,"Le Platon","Le Platon",official,49.446389,-2.366389,GG-000,,
9267336,9349643,park,"Les Vaindifs","Les Vaindifs",official,49.709722,-2.204167,GG-000,,
9267266,9349567,park,"La Picaterre","La Picaterre",official,49.719444,-2.209167,GG-000,,
9267348,9349655,park,Landettes,Landettes,official,49.706389,-2.220278,GG-000,,
9265768,9347841,hydrographic,"Saignie Bay","Saignie Bay",official,49.441667,-2.367222,GG-000,,
9267249,9349550,park,"Le Longue Pierre","Le Longue Pierre",official,49.709167,-2.201944,GG-000,,
9267213,9349509,hypsographic,Queslingue,Queslingue,official,49.715556,-2.1725,GG-000,,
9267253,9349554,park,"Les Couttes","Les Couttes",official,49.713889,-2.193333,GG-000,,
9267208,9349503,hypsographic,Fourquie,Fourquie,official,49.700278,-2.220556,GG-000,,
9267346,9349653,spot,"Alderney Airport","Alderney Airport",short,49.706944,-2.216389,GG-000,,
9267660,9350023,spot,"Houmet Herbé","Houmet Herbe",official,49.725833,-2.158056,GG-000,,
9266338,9348504,hypsographic,"La Givaude","La Givaude",official,49.431389,-2.398889,GG-000,,
9265874,9347974,spot,"Le Clos des Camps","Le Clos des Camps",official,49.439444,-2.361389,GG-000,,
9267212,9349508,hypsographic,Rousset,Rousset,official,49.713889,-2.175833,GG-000,,
9267246,9349546,park,"Le Rond But","Le Rond But",official,49.710278,-2.198333,GG-000,,
9266567,9348760,hypsographic,"Houmet des Pies","Houmet des Pies",official,49.731389,-2.1825,GG-000,,